Technology,Life
BACKSTOP,1
KEDSGEN_1,15
KEDSGEN_10,15
KEDSGEN_100,15
KEDSGEN_101,15
KEDSGEN_102,15
KEDSGEN_103,15
KEDSGEN_104,15
KEDSGEN_105,15
KEDSGEN_106,15
KEDSGEN_107,15
KEDSGEN_108,15
KEDSGEN_109,15
KEDSGEN_11,15
KEDSGEN_110,15
KEDSGEN_111,15
KEDSGEN_112,15
KEDSGEN_113,15
KEDSGEN_114,15
KEDSGEN_115,15
KEDSGEN_116,15
KEDSGEN_117,15
KEDSGEN_118,15
KEDSGEN_119,15
KEDSGEN_12,15
KEDSGEN_120,15
KEDSGEN_121,15
KEDSGEN_122,15
KEDSGEN_123,15
KEDSGEN_124,15
KEDSGEN_125,15
KEDSGEN_126,15
KEDSGEN_127,15
KEDSGEN_128,15
KEDSGEN_129,15
KEDSGEN_13,15
KEDSGEN_130,15
KEDSGEN_131,15
KEDSGEN_132,15
KEDSGEN_133,15
KEDSGEN_134,15
KEDSGEN_135,15
KEDSGEN_136,15
KEDSGEN_137,15
KEDSGEN_138,15
KEDSGEN_139,15
KEDSGEN_14,15
KEDSGEN_140,15
KEDSGEN_141,15
KEDSGEN_142,15
KEDSGEN_143,15
KEDSGEN_144,15
KEDSGEN_145,15
KEDSGEN_146,15
KEDSGEN_147,15
KEDSGEN_148,15
KEDSGEN_149,15
KEDSGEN_15,15
KEDSGEN_150,15
KEDSGEN_151,15
KEDSGEN_152,15
KEDSGEN_153,15
KEDSGEN_154,15
KEDSGEN_155,15
KEDSGEN_156,15
KEDSGEN_157,15
KEDSGEN_158,15
KEDSGEN_159,15
KEDSGEN_16,15
KEDSGEN_160,15
KEDSGEN_161,15
KEDSGEN_162,15
KEDSGEN_163,15
KEDSGEN_164,15
KEDSGEN_165,15
KEDSGEN_166,15
KEDSGEN_167,15
KEDSGEN_168,15
KEDSGEN_169,15
KEDSGEN_17,15
KEDSGEN_170,15
KEDSGEN_171,15
KEDSGEN_172,15
KEDSGEN_173,15
KEDSGEN_174,15
KEDSGEN_175,15
KEDSGEN_176,15
KEDSGEN_177,15
KEDSGEN_178,15
KEDSGEN_179,15
KEDSGEN_18,15
KEDSGEN_180,15
KEDSGEN_181,15
KEDSGEN_182,15
KEDSGEN_183,15
KEDSGEN_184,15
KEDSGEN_185,15
KEDSGEN_186,15
KEDSGEN_187,15
KEDSGEN_188,15
KEDSGEN_189,15
KEDSGEN_19,15
KEDSGEN_190,15
KEDSGEN_191,15
KEDSGEN_192,15
KEDSGEN_193,15
KEDSGEN_194,15
KEDSGEN_195,15
KEDSGEN_196,15
KEDSGEN_197,15
KEDSGEN_198,15
KEDSGEN_199,15
KEDSGEN_2,15
KEDSGEN_20,15
KEDSGEN_200,15
KEDSGEN_201,15
KEDSGEN_202,15
KEDSGEN_203,15
KEDSGEN_204,15
KEDSGEN_205,15
KEDSGEN_206,15
KEDSGEN_207,15
KEDSGEN_208,15
KEDSGEN_209,15
KEDSGEN_21,15
KEDSGEN_210,15
KEDSGEN_211,15
KEDSGEN_212,15
KEDSGEN_213,15
KEDSGEN_214,15
KEDSGEN_215,15
KEDSGEN_216,15
KEDSGEN_217,15
KEDSGEN_218,15
KEDSGEN_219,15
KEDSGEN_22,15
KEDSGEN_220,15
KEDSGEN_221,15
KEDSGEN_222,15
KEDSGEN_223,15
KEDSGEN_224,15
KEDSGEN_225,15
KEDSGEN_226,15
KEDSGEN_227,15
KEDSGEN_228,15
KEDSGEN_229,15
KEDSGEN_23,15
KEDSGEN_230,15
KEDSGEN_231,15
KEDSGEN_232,15
KEDSGEN_233,15
KEDSGEN_234,15
KEDSGEN_235,15
KEDSGEN_236,15
KEDSGEN_237,15
KEDSGEN_238,15
KEDSGEN_239,15
KEDSGEN_24,15
KEDSGEN_240,15
KEDSGEN_241,15
KEDSGEN_242,15
KEDSGEN_243,15
KEDSGEN_244,15
KEDSGEN_245,15
KEDSGEN_246,15
KEDSGEN_247,15
KEDSGEN_248,15
KEDSGEN_249,15
KEDSGEN_25,15
KEDSGEN_250,15
KEDSGEN_251,15
KEDSGEN_252,15
KEDSGEN_253,15
KEDSGEN_254,15
KEDSGEN_255,15
KEDSGEN_256,15
KEDSGEN_257,15
KEDSGEN_258,15
KEDSGEN_259,15
KEDSGEN_26,15
KEDSGEN_260,15
KEDSGEN_261,15
KEDSGEN_262,15
KEDSGEN_263,15
KEDSGEN_264,15
KEDSGEN_265,15
KEDSGEN_266,15
KEDSGEN_267,15
KEDSGEN_268,15
KEDSGEN_269,15
KEDSGEN_27,15
KEDSGEN_270,15
KEDSGEN_271,15
KEDSGEN_272,15
KEDSGEN_273,15
KEDSGEN_274,15
KEDSGEN_275,15
KEDSGEN_276,15
KEDSGEN_277,15
KEDSGEN_278,15
KEDSGEN_279,15
KEDSGEN_28,15
KEDSGEN_280,15
KEDSGEN_281,15
KEDSGEN_282,15
KEDSGEN_283,15
KEDSGEN_284,15
KEDSGEN_285,15
KEDSGEN_286,15
KEDSGEN_287,15
KEDSGEN_288,15
KEDSGEN_289,15
KEDSGEN_29,15
KEDSGEN_290,15
KEDSGEN_291,15
KEDSGEN_292,15
KEDSGEN_293,15
KEDSGEN_294,15
KEDSGEN_295,15
KEDSGEN_296,15
KEDSGEN_297,15
KEDSGEN_298,15
KEDSGEN_299,15
KEDSGEN_3,15
KEDSGEN_30,15
KEDSGEN_300,15
KEDSGEN_301,15
KEDSGEN_302,15
KEDSGEN_303,15
KEDSGEN_304,15
KEDSGEN_305,15
KEDSGEN_306,15
KEDSGEN_307,15
KEDSGEN_308,15
KEDSGEN_309,15
KEDSGEN_31,15
KEDSGEN_310,15
KEDSGEN_311,15
KEDSGEN_312,15
KEDSGEN_313,15
KEDSGEN_314,15
KEDSGEN_315,15
KEDSGEN_316,15
KEDSGEN_317,15
KEDSGEN_318,15
KEDSGEN_319,15
KEDSGEN_32,15
KEDSGEN_320,15
KEDSGEN_321,15
KEDSGEN_322,15
KEDSGEN_323,15
KEDSGEN_324,15
KEDSGEN_325,15
KEDSGEN_326,15
KEDSGEN_327,15
KEDSGEN_328,15
KEDSGEN_329,15
KEDSGEN_33,15
KEDSGEN_330,15
KEDSGEN_331,15
KEDSGEN_332,15
KEDSGEN_333,15
KEDSGEN_334,15
KEDSGEN_335,15
KEDSGEN_336,15
KEDSGEN_337,15
KEDSGEN_338,15
KEDSGEN_339,15
KEDSGEN_34,15
KEDSGEN_340,15
KEDSGEN_341,15
KEDSGEN_342,15
KEDSGEN_343,15
KEDSGEN_344,15
KEDSGEN_345,15
KEDSGEN_346,15
KEDSGEN_347,15
KEDSGEN_348,15
KEDSGEN_349,15
KEDSGEN_35,15
KEDSGEN_350,15
KEDSGEN_351,15
KEDSGEN_352,15
KEDSGEN_353,15
KEDSGEN_354,15
KEDSGEN_355,15
KEDSGEN_356,15
KEDSGEN_357,15
KEDSGEN_358,15
KEDSGEN_359,15
KEDSGEN_36,15
KEDSGEN_360,15
KEDSGEN_361,15
KEDSGEN_362,15
KEDSGEN_363,15
KEDSGEN_364,15
KEDSGEN_365,15
KEDSGEN_366,15
KEDSGEN_367,15
KEDSGEN_368,15
KEDSGEN_369,15
KEDSGEN_37,15
KEDSGEN_370,15
KEDSGEN_371,15
KEDSGEN_372,15
KEDSGEN_373,15
KEDSGEN_374,15
KEDSGEN_375,15
KEDSGEN_376,15
KEDSGEN_377,15
KEDSGEN_378,15
KEDSGEN_38,15
KEDSGEN_39,15
KEDSGEN_4,15
KEDSGEN_40,15
KEDSGEN_41,15
KEDSGEN_42,15
KEDSGEN_43,15
KEDSGEN_44,15
KEDSGEN_45,15
KEDSGEN_46,15
KEDSGEN_47,15
KEDSGEN_48,15
KEDSGEN_49,15
KEDSGEN_5,15
KEDSGEN_50,15
KEDSGEN_51,15
KEDSGEN_52,15
KEDSGEN_53,15
KEDSGEN_54,15
KEDSGEN_55,15
KEDSGEN_56,15
KEDSGEN_57,15
KEDSGEN_58,15
KEDSGEN_59,15
KEDSGEN_6,15
KEDSGEN_60,15
KEDSGEN_61,15
KEDSGEN_62,15
KEDSGEN_63,15
KEDSGEN_64,15
KEDSGEN_65,15
KEDSGEN_66,15
KEDSGEN_67,15
KEDSGEN_68,15
KEDSGEN_69,15
KEDSGEN_7,15
KEDSGEN_70,15
KEDSGEN_71,15
KEDSGEN_72,15
KEDSGEN_73,15
KEDSGEN_74,15
KEDSGEN_75,15
KEDSGEN_76,15
KEDSGEN_77,15
KEDSGEN_78,15
KEDSGEN_79,15
KEDSGEN_8,15
KEDSGEN_80,15
KEDSGEN_81,15
KEDSGEN_82,15
KEDSGEN_83,15
KEDSGEN_84,15
KEDSGEN_85,15
KEDSGEN_86,15
KEDSGEN_87,15
KEDSGEN_88,15
KEDSGEN_89,15
KEDSGEN_9,15
KEDSGEN_90,15
KEDSGEN_91,15
KEDSGEN_92,15
KEDSGEN_93,15
KEDSGEN_94,15
KEDSGEN_95,15
KEDSGEN_96,15
KEDSGEN_97,15
KEDSGEN_98,15
KEDSGEN_99,15
SOMG_1,30
SOMG_10,30
SOMG_100,30
SOMG_101,30
SOMG_102,30
SOMG_103,30
SOMG_104,30
SOMG_105,30
SOMG_106,30
SOMG_107,30
SOMG_108,30
SOMG_109,30
SOMG_11,30
SOMG_110,30
SOMG_111,30
SOMG_112,30
SOMG_113,30
SOMG_114,30
SOMG_115,30
SOMG_116,30
SOMG_117,30
SOMG_118,30
SOMG_119,30
SOMG_12,30
SOMG_120,30
SOMG_121,30
SOMG_122,30
SOMG_123,30
SOMG_124,30
SOMG_125,30
SOMG_126,30
SOMG_127,30
SOMG_128,30
SOMG_129,30
SOMG_13,30
SOMG_130,30
SOMG_131,30
SOMG_132,30
SOMG_133,30
SOMG_134,30
SOMG_135,30
SOMG_136,30
SOMG_137,30
SOMG_138,30
SOMG_139,30
SOMG_14,30
SOMG_140,30
SOMG_141,30
SOMG_142,30
SOMG_143,30
SOMG_144,30
SOMG_145,30
SOMG_146,30
SOMG_147,30
SOMG_148,30
SOMG_149,30
SOMG_15,30
SOMG_150,30
SOMG_151,30
SOMG_152,30
SOMG_153,30
SOMG_154,30
SOMG_155,30
SOMG_156,30
SOMG_157,30
SOMG_158,30
SOMG_159,30
SOMG_16,30
SOMG_160,30
SOMG_161,30
SOMG_162,30
SOMG_163,30
SOMG_164,30
SOMG_165,30
SOMG_166,30
SOMG_167,30
SOMG_168,30
SOMG_169,30
SOMG_17,30
SOMG_170,30
SOMG_171,30
SOMG_172,30
SOMG_173,30
SOMG_174,30
SOMG_175,30
SOMG_176,30
SOMG_177,30
SOMG_178,30
SOMG_179,30
SOMG_18,30
SOMG_180,30
SOMG_181,30
SOMG_182,30
SOMG_183,30
SOMG_184,30
SOMG_185,30
SOMG_186,30
SOMG_187,30
SOMG_188,30
SOMG_189,30
SOMG_19,30
SOMG_190,30
SOMG_191,30
SOMG_192,30
SOMG_193,30
SOMG_194,30
SOMG_195,30
SOMG_196,30
SOMG_197,30
SOMG_198,30
SOMG_199,30
SOMG_2,30
SOMG_20,30
SOMG_200,30
SOMG_201,30
SOMG_202,30
SOMG_203,30
SOMG_204,30
SOMG_205,30
SOMG_206,30
SOMG_207,30
SOMG_208,30
SOMG_209,30
SOMG_21,30
SOMG_210,30
SOMG_211,30
SOMG_212,30
SOMG_213,30
SOMG_214,30
SOMG_215,30
SOMG_216,30
SOMG_217,30
SOMG_218,30
SOMG_219,30
SOMG_22,30
SOMG_220,30
SOMG_221,30
SOMG_222,30
SOMG_223,30
SOMG_224,30
SOMG_225,30
SOMG_226,30
SOMG_227,30
SOMG_228,30
SOMG_229,30
SOMG_23,30
SOMG_230,30
SOMG_231,30
SOMG_232,30
SOMG_233,30
SOMG_234,30
SOMG_235,30
SOMG_236,30
SOMG_237,30
SOMG_238,30
SOMG_239,30
SOMG_24,30
SOMG_240,30
SOMG_241,30
SOMG_242,30
SOMG_243,30
SOMG_244,30
SOMG_245,30
SOMG_246,30
SOMG_247,30
SOMG_248,30
SOMG_249,30
SOMG_25,30
SOMG_250,30
SOMG_251,30
SOMG_252,30
SOMG_253,30
SOMG_254,30
SOMG_255,30
SOMG_256,30
SOMG_257,30
SOMG_258,30
SOMG_259,30
SOMG_26,30
SOMG_260,30
SOMG_261,30
SOMG_262,30
SOMG_263,30
SOMG_264,30
SOMG_265,30
SOMG_266,30
SOMG_267,30
SOMG_268,30
SOMG_269,30
SOMG_27,30
SOMG_270,30
SOMG_271,30
SOMG_272,30
SOMG_273,30
SOMG_274,30
SOMG_275,30
SOMG_276,30
SOMG_277,30
SOMG_278,30
SOMG_279,30
SOMG_28,30
SOMG_280,30
SOMG_281,30
SOMG_282,30
SOMG_283,30
SOMG_284,30
SOMG_285,30
SOMG_286,30
SOMG_287,30
SOMG_288,30
SOMG_289,30
SOMG_29,30
SOMG_290,30
SOMG_291,30
SOMG_292,30
SOMG_293,30
SOMG_294,30
SOMG_295,30
SOMG_296,30
SOMG_297,30
SOMG_298,30
SOMG_299,30
SOMG_3,30
SOMG_30,30
SOMG_300,30
SOMG_301,30
SOMG_302,30
SOMG_303,30
SOMG_304,30
SOMG_305,30
SOMG_306,30
SOMG_307,30
SOMG_308,30
SOMG_309,30
SOMG_31,30
SOMG_310,30
SOMG_311,30
SOMG_312,30
SOMG_313,30
SOMG_314,30
SOMG_315,30
SOMG_316,30
SOMG_317,30
SOMG_318,30
SOMG_319,30
SOMG_32,30
SOMG_320,30
SOMG_321,30
SOMG_322,30
SOMG_323,30
SOMG_324,30
SOMG_325,30
SOMG_326,30
SOMG_327,30
SOMG_328,30
SOMG_329,30
SOMG_33,30
SOMG_330,30
SOMG_331,30
SOMG_332,30
SOMG_333,30
SOMG_334,30
SOMG_335,30
SOMG_336,30
SOMG_337,30
SOMG_338,30
SOMG_339,30
SOMG_34,30
SOMG_340,30
SOMG_341,30
SOMG_342,30
SOMG_343,30
SOMG_344,30
SOMG_345,30
SOMG_346,30
SOMG_347,30
SOMG_348,30
SOMG_349,30
SOMG_35,30
SOMG_350,30
SOMG_351,30
SOMG_352,30
SOMG_353,30
SOMG_354,30
SOMG_355,30
SOMG_356,30
SOMG_357,30
SOMG_358,30
SOMG_359,30
SOMG_36,30
SOMG_360,30
SOMG_361,30
SOMG_362,30
SOMG_363,30
SOMG_364,30
SOMG_365,30
SOMG_366,30
SOMG_367,30
SOMG_368,30
SOMG_369,30
SOMG_37,30
SOMG_370,30
SOMG_371,30
SOMG_372,30
SOMG_373,30
SOMG_374,30
SOMG_375,30
SOMG_376,30
SOMG_377,30
SOMG_378,30
SOMG_38,30
SOMG_39,30
SOMG_4,30
SOMG_40,30
SOMG_41,30
SOMG_42,30
SOMG_43,30
SOMG_44,30
SOMG_45,30
SOMG_46,30
SOMG_47,30
SOMG_48,30
SOMG_49,30
SOMG_5,30
SOMG_50,30
SOMG_51,30
SOMG_52,30
SOMG_53,30
SOMG_54,30
SOMG_55,30
SOMG_56,30
SOMG_57,30
SOMG_58,30
SOMG_59,30
SOMG_6,30
SOMG_60,30
SOMG_61,30
SOMG_62,30
SOMG_63,30
SOMG_64,30
SOMG_65,30
SOMG_66,30
SOMG_67,30
SOMG_68,30
SOMG_69,30
SOMG_7,30
SOMG_70,30
SOMG_71,30
SOMG_72,30
SOMG_73,30
SOMG_74,30
SOMG_75,30
SOMG_76,30
SOMG_77,30
SOMG_78,30
SOMG_79,30
SOMG_8,30
SOMG_80,30
SOMG_81,30
SOMG_82,30
SOMG_83,30
SOMG_84,30
SOMG_85,30
SOMG_86,30
SOMG_87,30
SOMG_88,30
SOMG_89,30
SOMG_9,30
SOMG_90,30
SOMG_91,30
SOMG_92,30
SOMG_93,30
SOMG_94,30
SOMG_95,30
SOMG_96,30
SOMG_97,30
SOMG_98,30
SOMG_99,30
SOMG4c_1,30
SOMG4c_10,30
SOMG4c_100,30
SOMG4c_101,30
SOMG4c_102,30
SOMG4c_103,30
SOMG4c_104,30
SOMG4c_105,30
SOMG4c_106,30
SOMG4c_107,30
SOMG4c_108,30
SOMG4c_109,30
SOMG4c_11,30
SOMG4c_110,30
SOMG4c_111,30
SOMG4c_112,30
SOMG4c_113,30
SOMG4c_114,30
SOMG4c_115,30
SOMG4c_116,30
SOMG4c_117,30
SOMG4c_118,30
SOMG4c_119,30
SOMG4c_12,30
SOMG4c_120,30
SOMG4c_121,30
SOMG4c_122,30
SOMG4c_123,30
SOMG4c_124,30
SOMG4c_125,30
SOMG4c_126,30
SOMG4c_127,30
SOMG4c_128,30
SOMG4c_129,30
SOMG4c_13,30
SOMG4c_130,30
SOMG4c_131,30
SOMG4c_132,30
SOMG4c_133,30
SOMG4c_134,30
SOMG4c_135,30
SOMG4c_136,30
SOMG4c_137,30
SOMG4c_138,30
SOMG4c_139,30
SOMG4c_14,30
SOMG4c_140,30
SOMG4c_141,30
SOMG4c_142,30
SOMG4c_143,30
SOMG4c_144,30
SOMG4c_145,30
SOMG4c_146,30
SOMG4c_147,30
SOMG4c_148,30
SOMG4c_149,30
SOMG4c_15,30
SOMG4c_150,30
SOMG4c_151,30
SOMG4c_152,30
SOMG4c_153,30
SOMG4c_154,30
SOMG4c_155,30
SOMG4c_156,30
SOMG4c_157,30
SOMG4c_158,30
SOMG4c_159,30
SOMG4c_16,30
SOMG4c_160,30
SOMG4c_161,30
SOMG4c_162,30
SOMG4c_163,30
SOMG4c_164,30
SOMG4c_165,30
SOMG4c_166,30
SOMG4c_167,30
SOMG4c_168,30
SOMG4c_169,30
SOMG4c_17,30
SOMG4c_170,30
SOMG4c_171,30
SOMG4c_172,30
SOMG4c_173,30
SOMG4c_174,30
SOMG4c_175,30
SOMG4c_176,30
SOMG4c_177,30
SOMG4c_178,30
SOMG4c_179,30
SOMG4c_18,30
SOMG4c_180,30
SOMG4c_181,30
SOMG4c_182,30
SOMG4c_183,30
SOMG4c_184,30
SOMG4c_185,30
SOMG4c_186,30
SOMG4c_187,30
SOMG4c_188,30
SOMG4c_189,30
SOMG4c_19,30
SOMG4c_190,30
SOMG4c_191,30
SOMG4c_192,30
SOMG4c_193,30
SOMG4c_194,30
SOMG4c_195,30
SOMG4c_196,30
SOMG4c_197,30
SOMG4c_198,30
SOMG4c_199,30
SOMG4c_2,30
SOMG4c_20,30
SOMG4c_200,30
SOMG4c_201,30
SOMG4c_202,30
SOMG4c_203,30
SOMG4c_204,30
SOMG4c_205,30
SOMG4c_206,30
SOMG4c_207,30
SOMG4c_208,30
SOMG4c_209,30
SOMG4c_21,30
SOMG4c_210,30
SOMG4c_211,30
SOMG4c_212,30
SOMG4c_213,30
SOMG4c_214,30
SOMG4c_215,30
SOMG4c_216,30
SOMG4c_217,30
SOMG4c_218,30
SOMG4c_219,30
SOMG4c_22,30
SOMG4c_220,30
SOMG4c_221,30
SOMG4c_222,30
SOMG4c_223,30
SOMG4c_224,30
SOMG4c_225,30
SOMG4c_226,30
SOMG4c_227,30
SOMG4c_228,30
SOMG4c_229,30
SOMG4c_23,30
SOMG4c_230,30
SOMG4c_231,30
SOMG4c_232,30
SOMG4c_233,30
SOMG4c_234,30
SOMG4c_235,30
SOMG4c_236,30
SOMG4c_237,30
SOMG4c_238,30
SOMG4c_239,30
SOMG4c_24,30
SOMG4c_240,30
SOMG4c_241,30
SOMG4c_242,30
SOMG4c_243,30
SOMG4c_244,30
SOMG4c_245,30
SOMG4c_246,30
SOMG4c_247,30
SOMG4c_248,30
SOMG4c_249,30
SOMG4c_25,30
SOMG4c_250,30
SOMG4c_251,30
SOMG4c_252,30
SOMG4c_253,30
SOMG4c_254,30
SOMG4c_255,30
SOMG4c_256,30
SOMG4c_257,30
SOMG4c_258,30
SOMG4c_259,30
SOMG4c_26,30
SOMG4c_260,30
SOMG4c_261,30
SOMG4c_262,30
SOMG4c_263,30
SOMG4c_264,30
SOMG4c_265,30
SOMG4c_266,30
SOMG4c_267,30
SOMG4c_268,30
SOMG4c_269,30
SOMG4c_27,30
SOMG4c_270,30
SOMG4c_271,30
SOMG4c_272,30
SOMG4c_273,30
SOMG4c_274,30
SOMG4c_275,30
SOMG4c_276,30
SOMG4c_277,30
SOMG4c_278,30
SOMG4c_279,30
SOMG4c_28,30
SOMG4c_280,30
SOMG4c_281,30
SOMG4c_282,30
SOMG4c_283,30
SOMG4c_284,30
SOMG4c_285,30
SOMG4c_286,30
SOMG4c_287,30
SOMG4c_288,30
SOMG4c_289,30
SOMG4c_29,30
SOMG4c_290,30
SOMG4c_291,30
SOMG4c_292,30
SOMG4c_293,30
SOMG4c_294,30
SOMG4c_295,30
SOMG4c_296,30
SOMG4c_297,30
SOMG4c_298,30
SOMG4c_299,30
SOMG4c_3,30
SOMG4c_30,30
SOMG4c_300,30
SOMG4c_301,30
SOMG4c_302,30
SOMG4c_303,30
SOMG4c_304,30
SOMG4c_305,30
SOMG4c_306,30
SOMG4c_307,30
SOMG4c_308,30
SOMG4c_309,30
SOMG4c_31,30
SOMG4c_310,30
SOMG4c_311,30
SOMG4c_312,30
SOMG4c_313,30
SOMG4c_314,30
SOMG4c_315,30
SOMG4c_316,30
SOMG4c_317,30
SOMG4c_318,30
SOMG4c_319,30
SOMG4c_32,30
SOMG4c_320,30
SOMG4c_321,30
SOMG4c_322,30
SOMG4c_323,30
SOMG4c_324,30
SOMG4c_325,30
SOMG4c_326,30
SOMG4c_327,30
SOMG4c_328,30
SOMG4c_329,30
SOMG4c_33,30
SOMG4c_330,30
SOMG4c_331,30
SOMG4c_332,30
SOMG4c_333,30
SOMG4c_334,30
SOMG4c_335,30
SOMG4c_336,30
SOMG4c_337,30
SOMG4c_338,30
SOMG4c_339,30
SOMG4c_34,30
SOMG4c_340,30
SOMG4c_341,30
SOMG4c_342,30
SOMG4c_343,30
SOMG4c_344,30
SOMG4c_345,30
SOMG4c_346,30
SOMG4c_347,30
SOMG4c_348,30
SOMG4c_349,30
SOMG4c_35,30
SOMG4c_350,30
SOMG4c_351,30
SOMG4c_352,30
SOMG4c_353,30
SOMG4c_354,30
SOMG4c_355,30
SOMG4c_356,30
SOMG4c_357,30
SOMG4c_358,30
SOMG4c_359,30
SOMG4c_36,30
SOMG4c_360,30
SOMG4c_361,30
SOMG4c_362,30
SOMG4c_363,30
SOMG4c_364,30
SOMG4c_365,30
SOMG4c_366,30
SOMG4c_367,30
SOMG4c_368,30
SOMG4c_369,30
SOMG4c_37,30
SOMG4c_370,30
SOMG4c_371,30
SOMG4c_372,30
SOMG4c_373,30
SOMG4c_374,30
SOMG4c_375,30
SOMG4c_376,30
SOMG4c_377,30
SOMG4c_378,30
SOMG4c_38,30
SOMG4c_39,30
SOMG4c_4,30
SOMG4c_40,30
SOMG4c_41,30
SOMG4c_42,30
SOMG4c_43,30
SOMG4c_44,30
SOMG4c_45,30
SOMG4c_46,30
SOMG4c_47,30
SOMG4c_48,30
SOMG4c_49,30
SOMG4c_5,30
SOMG4c_50,30
SOMG4c_51,30
SOMG4c_52,30
SOMG4c_53,30
SOMG4c_54,30
SOMG4c_55,30
SOMG4c_56,30
SOMG4c_57,30
SOMG4c_58,30
SOMG4c_59,30
SOMG4c_6,30
SOMG4c_60,30
SOMG4c_61,30
SOMG4c_62,30
SOMG4c_63,30
SOMG4c_64,30
SOMG4c_65,30
SOMG4c_66,30
SOMG4c_67,30
SOMG4c_68,30
SOMG4c_69,30
SOMG4c_7,30
SOMG4c_70,30
SOMG4c_71,30
SOMG4c_72,30
SOMG4c_73,30
SOMG4c_74,30
SOMG4c_75,30
SOMG4c_76,30
SOMG4c_77,30
SOMG4c_78,30
SOMG4c_79,30
SOMG4c_8,30
SOMG4c_80,30
SOMG4c_81,30
SOMG4c_82,30
SOMG4c_83,30
SOMG4c_84,30
SOMG4c_85,30
SOMG4c_86,30
SOMG4c_87,30
SOMG4c_88,30
SOMG4c_89,30
SOMG4c_9,30
SOMG4c_90,30
SOMG4c_91,30
SOMG4c_92,30
SOMG4c_93,30
SOMG4c_94,30
SOMG4c_95,30
SOMG4c_96,30
SOMG4c_97,30
SOMG4c_98,30
SOMG4c_99,30
SOPV_1_0,30
SOPV_1_1,30
SOPV_10_0,30
SOPV_100_0,30
SOPV_100_1,30
SOPV_101_0,30
SOPV_103_0,30
SOPV_104_0,30
SOPV_105_0,30
SOPV_105_1,30
SOPV_106_0,30
SOPV_106_1,30
SOPV_107_0,30
SOPV_108_0,30
SOPV_108_1,30
SOPV_109_0,30
SOPV_109_1,30
SOPV_11_0,30
SOPV_11_1,30
SOPV_110_0,30
SOPV_110_1,30
SOPV_111_0,30
SOPV_112_0,30
SOPV_112_1,30
SOPV_113_0,30
SOPV_114_0,30
SOPV_114_1,30
SOPV_115_0,30
SOPV_116_0,30
SOPV_116_1,30
SOPV_117_0,30
SOPV_117_1,30
SOPV_118_0,30
SOPV_119_0,30
SOPV_12_0,30
SOPV_120_0,30
SOPV_120_1,30
SOPV_121_0,30
SOPV_122_0,30
SOPV_122_1,30
SOPV_123_0,30
SOPV_123_1,30
SOPV_124_0,30
SOPV_125_0,30
SOPV_126_0,30
SOPV_126_1,30
SOPV_127_0,30
SOPV_127_1,30
SOPV_128_0,30
SOPV_129_0,30
SOPV_13_0,30
SOPV_130_0,30
SOPV_131_0,30
SOPV_131_1,30
SOPV_132_0,30
SOPV_133_0,30
SOPV_134_0,30
SOPV_134_1,30
SOPV_135_0,30
SOPV_136_0,30
SOPV_137_0,30
SOPV_138_0,30
SOPV_139_0,30
SOPV_14_0,30
SOPV_140_0,30
SOPV_140_1,30
SOPV_141_0,30
SOPV_142_0,30
SOPV_143_0,30
SOPV_143_1,30
SOPV_144_0,30
SOPV_144_1,30
SOPV_145_0,30
SOPV_145_1,30
SOPV_146_0,30
SOPV_147_0,30
SOPV_147_1,30
SOPV_148_0,30
SOPV_148_1,30
SOPV_149_0,30
SOPV_149_1,30
SOPV_15_0,30
SOPV_150_0,30
SOPV_151_0,30
SOPV_152_0,30
SOPV_153_0,30
SOPV_153_1,30
SOPV_154_0,30
SOPV_155_0,30
SOPV_156_0,30
SOPV_157_0,30
SOPV_158_0,30
SOPV_159_0,30
SOPV_16_0,30
SOPV_16_1,30
SOPV_160_0,30
SOPV_160_1,30
SOPV_161_0,30
SOPV_161_1,30
SOPV_162_0,30
SOPV_162_1,30
SOPV_163_0,30
SOPV_163_1,30
SOPV_164_0,30
SOPV_164_1,30
SOPV_165_0,30
SOPV_165_1,30
SOPV_166_0,30
SOPV_166_1,30
SOPV_167_0,30
SOPV_167_1,30
SOPV_168_0,30
SOPV_168_1,30
SOPV_169_0,30
SOPV_17_0,30
SOPV_17_1,30
SOPV_170_0,30
SOPV_171_0,30
SOPV_171_1,30
SOPV_172_0,30
SOPV_172_1,30
SOPV_173_0,30
SOPV_173_1,30
SOPV_174_0,30
SOPV_174_1,30
SOPV_175_0,30
SOPV_176_0,30
SOPV_177_0,30
SOPV_178_0,30
SOPV_178_1,30
SOPV_179_0,30
SOPV_179_1,30
SOPV_18_0,30
SOPV_180_0,30
SOPV_180_1,30
SOPV_181_0,30
SOPV_181_1,30
SOPV_182_0,30
SOPV_182_1,30
SOPV_183_0,30
SOPV_183_1,30
SOPV_184_0,30
SOPV_184_1,30
SOPV_185_0,30
SOPV_185_1,30
SOPV_186_0,30
SOPV_186_1,30
SOPV_187_0,30
SOPV_187_1,30
SOPV_188_0,30
SOPV_188_1,30
SOPV_189_0,30
SOPV_189_1,30
SOPV_19_0,30
SOPV_190_0,30
SOPV_190_1,30
SOPV_191_0,30
SOPV_192_0,30
SOPV_192_1,30
SOPV_193_0,30
SOPV_193_1,30
SOPV_194_0,30
SOPV_195_0,30
SOPV_196_0,30
SOPV_197_0,30
SOPV_197_1,30
SOPV_198_0,30
SOPV_198_1,30
SOPV_199_0,30
SOPV_199_1,30
SOPV_2_0,30
SOPV_20_0,30
SOPV_20_1,30
SOPV_200_0,30
SOPV_200_1,30
SOPV_201_0,30
SOPV_201_1,30
SOPV_202_0,30
SOPV_202_1,30
SOPV_203_0,30
SOPV_203_1,30
SOPV_204_0,30
SOPV_204_1,30
SOPV_205_0,30
SOPV_205_1,30
SOPV_206_0,30
SOPV_206_1,30
SOPV_207_0,30
SOPV_207_1,30
SOPV_208_0,30
SOPV_208_1,30
SOPV_209_0,30
SOPV_209_1,30
SOPV_21_0,30
SOPV_21_1,30
SOPV_210_0,30
SOPV_211_0,30
SOPV_212_0,30
SOPV_213_0,30
SOPV_214_0,30
SOPV_215_0,30
SOPV_215_1,30
SOPV_216_0,30
SOPV_216_1,30
SOPV_217_0,30
SOPV_217_1,30
SOPV_218_0,30
SOPV_218_1,30
SOPV_219_0,30
SOPV_219_1,30
SOPV_22_0,30
SOPV_220_0,30
SOPV_220_1,30
SOPV_221_0,30
SOPV_221_1,30
SOPV_222_0,30
SOPV_222_1,30
SOPV_223_0,30
SOPV_223_1,30
SOPV_224_0,30
SOPV_224_1,30
SOPV_225_0,30
SOPV_225_1,30
SOPV_226_0,30
SOPV_226_1,30
SOPV_227_0,30
SOPV_227_1,30
SOPV_228_0,30
SOPV_228_1,30
SOPV_229_0,30
SOPV_229_1,30
SOPV_23_0,30
SOPV_230_0,30
SOPV_231_0,30
SOPV_232_0,30
SOPV_232_1,30
SOPV_233_0,30
SOPV_233_1,30
SOPV_234_0,30
SOPV_235_0,30
SOPV_235_1,30
SOPV_236_0,30
SOPV_237_0,30
SOPV_237_1,30
SOPV_238_0,30
SOPV_238_1,30
SOPV_239_0,30
SOPV_239_1,30
SOPV_24_0,30
SOPV_240_0,30
SOPV_240_1,30
SOPV_241_0,30
SOPV_241_1,30
SOPV_242_0,30
SOPV_242_1,30
SOPV_243_0,30
SOPV_243_1,30
SOPV_244_0,30
SOPV_244_1,30
SOPV_245_0,30
SOPV_245_1,30
SOPV_246_0,30
SOPV_246_1,30
SOPV_247_0,30
SOPV_247_1,30
SOPV_248_0,30
SOPV_248_1,30
SOPV_249_0,30
SOPV_249_1,30
SOPV_25_0,30
SOPV_250_0,30
SOPV_251_0,30
SOPV_251_1,30
SOPV_252_0,30
SOPV_252_1,30
SOPV_253_0,30
SOPV_253_1,30
SOPV_254_0,30
SOPV_255_0,30
SOPV_256_0,30
SOPV_257_0,30
SOPV_257_1,30
SOPV_258_0,30
SOPV_258_1,30
SOPV_259_0,30
SOPV_259_1,30
SOPV_26_0,30
SOPV_260_0,30
SOPV_260_1,30
SOPV_261_0,30
SOPV_261_1,30
SOPV_262_0,30
SOPV_262_1,30
SOPV_263_0,30
SOPV_263_1,30
SOPV_264_0,30
SOPV_264_1,30
SOPV_265_0,30
SOPV_265_1,30
SOPV_266_0,30
SOPV_266_1,30
SOPV_267_0,30
SOPV_267_1,30
SOPV_268_0,30
SOPV_268_1,30
SOPV_269_0,30
SOPV_269_1,30
SOPV_27_0,30
SOPV_270_0,30
SOPV_270_1,30
SOPV_271_0,30
SOPV_271_1,30
SOPV_272_0,30
SOPV_273_0,30
SOPV_274_0,30
SOPV_275_0,30
SOPV_276_0,30
SOPV_277_0,30
SOPV_277_1,30
SOPV_278_0,30
SOPV_278_1,30
SOPV_279_0,30
SOPV_279_1,30
SOPV_28_0,30
SOPV_280_0,30
SOPV_280_1,30
SOPV_281_0,30
SOPV_281_1,30
SOPV_282_0,30
SOPV_282_1,30
SOPV_283_0,30
SOPV_283_1,30
SOPV_284_0,30
SOPV_284_1,30
SOPV_285_0,30
SOPV_285_1,30
SOPV_286_0,30
SOPV_286_1,30
SOPV_287_0,30
SOPV_287_1,30
SOPV_288_0,30
SOPV_288_1,30
SOPV_289_0,30
SOPV_29_0,30
SOPV_290_0,30
SOPV_291_0,30
SOPV_291_1,30
SOPV_292_0,30
SOPV_292_1,30
SOPV_293_0,30
SOPV_294_0,30
SOPV_295_0,30
SOPV_296_0,30
SOPV_297_0,30
SOPV_297_1,30
SOPV_298_0,30
SOPV_298_1,30
SOPV_299_0,30
SOPV_299_1,30
SOPV_3_0,30
SOPV_30_0,30
SOPV_300_0,30
SOPV_300_1,30
SOPV_301_0,30
SOPV_301_1,30
SOPV_302_0,30
SOPV_302_1,30
SOPV_303_0,30
SOPV_303_1,30
SOPV_304_0,30
SOPV_304_1,30
SOPV_305_0,30
SOPV_305_1,30
SOPV_306_0,30
SOPV_307_0,30
SOPV_308_0,30
SOPV_309_0,30
SOPV_31_0,30
SOPV_310_0,30
SOPV_310_1,30
SOPV_311_0,30
SOPV_312_0,30
SOPV_313_0,30
SOPV_314_0,30
SOPV_314_1,30
SOPV_315_0,30
SOPV_315_1,30
SOPV_316_0,30
SOPV_316_1,30
SOPV_317_0,30
SOPV_317_1,30
SOPV_318_0,30
SOPV_318_1,30
SOPV_319_0,30
SOPV_319_1,30
SOPV_32_0,30
SOPV_32_1,30
SOPV_320_0,30
SOPV_320_1,30
SOPV_321_0,30
SOPV_321_1,30
SOPV_322_0,30
SOPV_322_1,30
SOPV_323_0,30
SOPV_324_0,30
SOPV_325_0,30
SOPV_326_0,30
SOPV_327_0,30
SOPV_327_1,30
SOPV_328_0,30
SOPV_329_0,30
SOPV_33_0,30
SOPV_33_1,30
SOPV_330_0,30
SOPV_330_1,30
SOPV_331_0,30
SOPV_331_1,30
SOPV_332_0,30
SOPV_332_1,30
SOPV_333_0,30
SOPV_333_1,30
SOPV_334_0,30
SOPV_334_1,30
SOPV_335_0,30
SOPV_335_1,30
SOPV_336_0,30
SOPV_336_1,30
SOPV_338_0,30
SOPV_339_0,30
SOPV_34_0,30
SOPV_34_1,30
SOPV_340_0,30
SOPV_341_0,30
SOPV_341_1,30
SOPV_342_0,30
SOPV_342_1,30
SOPV_343_0,30
SOPV_343_1,30
SOPV_344_0,30
SOPV_344_1,30
SOPV_345_0,30
SOPV_345_1,30
SOPV_346_0,30
SOPV_346_1,30
SOPV_347_0,30
SOPV_347_1,30
SOPV_349_0,30
SOPV_35_0,30
SOPV_350_0,30
SOPV_351_0,30
SOPV_352_0,30
SOPV_352_1,30
SOPV_353_0,30
SOPV_353_1,30
SOPV_354_0,30
SOPV_354_1,30
SOPV_355_0,30
SOPV_355_1,30
SOPV_356_0,30
SOPV_357_0,30
SOPV_358_0,30
SOPV_358_1,30
SOPV_359_0,30
SOPV_359_1,30
SOPV_36_0,30
SOPV_360_0,30
SOPV_360_1,30
SOPV_361_0,30
SOPV_361_1,30
SOPV_362_0,30
SOPV_362_1,30
SOPV_363_0,30
SOPV_363_1,30
SOPV_364_0,30
SOPV_364_1,30
SOPV_365_0,30
SOPV_365_1,30
SOPV_366_0,30
SOPV_366_1,30
SOPV_367_0,30
SOPV_367_1,30
SOPV_368_0,30
SOPV_368_1,30
SOPV_369_0,30
SOPV_369_1,30
SOPV_37_0,30
SOPV_370_0,30
SOPV_370_1,30
SOPV_371_0,30
SOPV_371_1,30
SOPV_372_0,30
SOPV_373_0,30
SOPV_373_1,30
SOPV_374_0,30
SOPV_374_1,30
SOPV_375_0,30
SOPV_375_1,30
SOPV_376_0,30
SOPV_376_1,30
SOPV_377_0,30
SOPV_378_0,30
SOPV_38_0,30
SOPV_39_0,30
SOPV_39_1,30
SOPV_4_0,30
SOPV_40_0,30
SOPV_41_0,30
SOPV_42_0,30
SOPV_42_1,30
SOPV_43_0,30
SOPV_43_1,30
SOPV_44_0,30
SOPV_44_1,30
SOPV_45_0,30
SOPV_46_0,30
SOPV_47_0,30
SOPV_48_0,30
SOPV_48_1,30
SOPV_49_0,30
SOPV_49_1,30
SOPV_5_0,30
SOPV_5_1,30
SOPV_50_0,30
SOPV_51_0,30
SOPV_51_1,30
SOPV_52_0,30
SOPV_52_1,30
SOPV_53_0,30
SOPV_54_0,30
SOPV_55_0,30
SOPV_56_0,30
SOPV_57_0,30
SOPV_58_0,30
SOPV_58_1,30
SOPV_59_0,30
SOPV_6_0,30
SOPV_6_1,30
SOPV_60_0,30
SOPV_60_1,30
SOPV_61_0,30
SOPV_62_0,30
SOPV_63_0,30
SOPV_64_0,30
SOPV_65_0,30
SOPV_66_0,30
SOPV_67_0,30
SOPV_68_0,30
SOPV_69_0,30
SOPV_70_0,30
SOPV_71_0,30
SOPV_72_0,30
SOPV_72_1,30
SOPV_73_0,30
SOPV_73_1,30
SOPV_74_0,30
SOPV_74_1,30
SOPV_75_0,30
SOPV_76_0,30
SOPV_77_0,30
SOPV_78_0,30
SOPV_79_0,30
SOPV_8_0,30
SOPV_8_1,30
SOPV_80_0,30
SOPV_81_0,30
SOPV_82_0,30
SOPV_83_0,30
SOPV_84_0,30
SOPV_85_0,30
SOPV_86_0,30
SOPV_87_0,30
SOPV_87_1,30
SOPV_88_0,30
SOPV_88_1,30
SOPV_89_0,30
SOPV_9_0,30
SOPV_90_0,30
SOPV_91_0,30
SOPV_91_1,30
SOPV_92_0,30
SOPV_92_1,30
SOPV_93_0,30
SOPV_93_1,30
SOPV_94_0,30
SOPV_94_1,30
SOPV_95_0,30
SOPV_96_0,30
SOPV_97_0,30
SOPV_97_1,30
SOPV_98_0,30
SOPV_99_0,30
SOPV4r_1_0,30
SOPV4r_1_1,30
SOPV4r_10_0,30
SOPV4r_100_0,30
SOPV4r_100_1,30
SOPV4r_101_0,30
SOPV4r_103_0,30
SOPV4r_104_0,30
SOPV4r_105_0,30
SOPV4r_105_1,30
SOPV4r_106_0,30
SOPV4r_106_1,30
SOPV4r_107_0,30
SOPV4r_108_0,30
SOPV4r_108_1,30
SOPV4r_109_0,30
SOPV4r_109_1,30
SOPV4r_11_0,30
SOPV4r_11_1,30
SOPV4r_110_0,30
SOPV4r_110_1,30
SOPV4r_111_0,30
SOPV4r_112_0,30
SOPV4r_112_1,30
SOPV4r_113_0,30
SOPV4r_114_0,30
SOPV4r_114_1,30
SOPV4r_115_0,30
SOPV4r_116_0,30
SOPV4r_116_1,30
SOPV4r_117_0,30
SOPV4r_117_1,30
SOPV4r_118_0,30
SOPV4r_119_0,30
SOPV4r_12_0,30
SOPV4r_120_0,30
SOPV4r_120_1,30
SOPV4r_121_0,30
SOPV4r_122_0,30
SOPV4r_122_1,30
SOPV4r_123_0,30
SOPV4r_123_1,30
SOPV4r_124_0,30
SOPV4r_125_0,30
SOPV4r_126_0,30
SOPV4r_126_1,30
SOPV4r_127_0,30
SOPV4r_127_1,30
SOPV4r_128_0,30
SOPV4r_129_0,30
SOPV4r_13_0,30
SOPV4r_130_0,30
SOPV4r_131_0,30
SOPV4r_131_1,30
SOPV4r_132_0,30
SOPV4r_133_0,30
SOPV4r_134_0,30
SOPV4r_134_1,30
SOPV4r_135_0,30
SOPV4r_136_0,30
SOPV4r_137_0,30
SOPV4r_138_0,30
SOPV4r_139_0,30
SOPV4r_14_0,30
SOPV4r_140_0,30
SOPV4r_140_1,30
SOPV4r_141_0,30
SOPV4r_142_0,30
SOPV4r_143_0,30
SOPV4r_143_1,30
SOPV4r_144_0,30
SOPV4r_144_1,30
SOPV4r_145_0,30
SOPV4r_145_1,30
SOPV4r_146_0,30
SOPV4r_147_0,30
SOPV4r_147_1,30
SOPV4r_148_0,30
SOPV4r_148_1,30
SOPV4r_149_0,30
SOPV4r_149_1,30
SOPV4r_15_0,30
SOPV4r_150_0,30
SOPV4r_151_0,30
SOPV4r_152_0,30
SOPV4r_153_0,30
SOPV4r_153_1,30
SOPV4r_154_0,30
SOPV4r_155_0,30
SOPV4r_156_0,30
SOPV4r_157_0,30
SOPV4r_158_0,30
SOPV4r_159_0,30
SOPV4r_16_0,30
SOPV4r_16_1,30
SOPV4r_160_0,30
SOPV4r_160_1,30
SOPV4r_161_0,30
SOPV4r_161_1,30
SOPV4r_162_0,30
SOPV4r_162_1,30
SOPV4r_163_0,30
SOPV4r_163_1,30
SOPV4r_164_0,30
SOPV4r_164_1,30
SOPV4r_165_0,30
SOPV4r_165_1,30
SOPV4r_166_0,30
SOPV4r_166_1,30
SOPV4r_167_0,30
SOPV4r_167_1,30
SOPV4r_168_0,30
SOPV4r_168_1,30
SOPV4r_169_0,30
SOPV4r_17_0,30
SOPV4r_17_1,30
SOPV4r_170_0,30
SOPV4r_171_0,30
SOPV4r_171_1,30
SOPV4r_172_0,30
SOPV4r_172_1,30
SOPV4r_173_0,30
SOPV4r_173_1,30
SOPV4r_174_0,30
SOPV4r_174_1,30
SOPV4r_175_0,30
SOPV4r_176_0,30
SOPV4r_177_0,30
SOPV4r_178_0,30
SOPV4r_178_1,30
SOPV4r_179_0,30
SOPV4r_179_1,30
SOPV4r_18_0,30
SOPV4r_180_0,30
SOPV4r_180_1,30
SOPV4r_181_0,30
SOPV4r_181_1,30
SOPV4r_182_0,30
SOPV4r_182_1,30
SOPV4r_183_0,30
SOPV4r_183_1,30
SOPV4r_184_0,30
SOPV4r_184_1,30
SOPV4r_185_0,30
SOPV4r_185_1,30
SOPV4r_186_0,30
SOPV4r_186_1,30
SOPV4r_187_0,30
SOPV4r_187_1,30
SOPV4r_188_0,30
SOPV4r_188_1,30
SOPV4r_189_0,30
SOPV4r_189_1,30
SOPV4r_19_0,30
SOPV4r_190_0,30
SOPV4r_190_1,30
SOPV4r_191_0,30
SOPV4r_192_0,30
SOPV4r_192_1,30
SOPV4r_193_0,30
SOPV4r_193_1,30
SOPV4r_194_0,30
SOPV4r_195_0,30
SOPV4r_196_0,30
SOPV4r_197_0,30
SOPV4r_197_1,30
SOPV4r_198_0,30
SOPV4r_198_1,30
SOPV4r_199_0,30
SOPV4r_199_1,30
SOPV4r_2_0,30
SOPV4r_20_0,30
SOPV4r_20_1,30
SOPV4r_200_0,30
SOPV4r_200_1,30
SOPV4r_201_0,30
SOPV4r_201_1,30
SOPV4r_202_0,30
SOPV4r_202_1,30
SOPV4r_203_0,30
SOPV4r_203_1,30
SOPV4r_204_0,30
SOPV4r_204_1,30
SOPV4r_205_0,30
SOPV4r_205_1,30
SOPV4r_206_0,30
SOPV4r_206_1,30
SOPV4r_207_0,30
SOPV4r_207_1,30
SOPV4r_208_0,30
SOPV4r_208_1,30
SOPV4r_209_0,30
SOPV4r_209_1,30
SOPV4r_21_0,30
SOPV4r_21_1,30
SOPV4r_210_0,30
SOPV4r_211_0,30
SOPV4r_212_0,30
SOPV4r_213_0,30
SOPV4r_214_0,30
SOPV4r_215_0,30
SOPV4r_215_1,30
SOPV4r_216_0,30
SOPV4r_216_1,30
SOPV4r_217_0,30
SOPV4r_217_1,30
SOPV4r_218_0,30
SOPV4r_218_1,30
SOPV4r_219_0,30
SOPV4r_219_1,30
SOPV4r_22_0,30
SOPV4r_220_0,30
SOPV4r_220_1,30
SOPV4r_221_0,30
SOPV4r_221_1,30
SOPV4r_222_0,30
SOPV4r_222_1,30
SOPV4r_223_0,30
SOPV4r_223_1,30
SOPV4r_224_0,30
SOPV4r_224_1,30
SOPV4r_225_0,30
SOPV4r_225_1,30
SOPV4r_226_0,30
SOPV4r_226_1,30
SOPV4r_227_0,30
SOPV4r_227_1,30
SOPV4r_228_0,30
SOPV4r_228_1,30
SOPV4r_229_0,30
SOPV4r_229_1,30
SOPV4r_23_0,30
SOPV4r_230_0,30
SOPV4r_231_0,30
SOPV4r_232_0,30
SOPV4r_232_1,30
SOPV4r_233_0,30
SOPV4r_233_1,30
SOPV4r_234_0,30
SOPV4r_235_0,30
SOPV4r_235_1,30
SOPV4r_236_0,30
SOPV4r_237_0,30
SOPV4r_237_1,30
SOPV4r_238_0,30
SOPV4r_238_1,30
SOPV4r_239_0,30
SOPV4r_239_1,30
SOPV4r_24_0,30
SOPV4r_240_0,30
SOPV4r_240_1,30
SOPV4r_241_0,30
SOPV4r_241_1,30
SOPV4r_242_0,30
SOPV4r_242_1,30
SOPV4r_243_0,30
SOPV4r_243_1,30
SOPV4r_244_0,30
SOPV4r_244_1,30
SOPV4r_245_0,30
SOPV4r_245_1,30
SOPV4r_246_0,30
SOPV4r_246_1,30
SOPV4r_247_0,30
SOPV4r_247_1,30
SOPV4r_248_0,30
SOPV4r_248_1,30
SOPV4r_249_0,30
SOPV4r_249_1,30
SOPV4r_25_0,30
SOPV4r_250_0,30
SOPV4r_251_0,30
SOPV4r_251_1,30
SOPV4r_252_0,30
SOPV4r_252_1,30
SOPV4r_253_0,30
SOPV4r_253_1,30
SOPV4r_254_0,30
SOPV4r_255_0,30
SOPV4r_256_0,30
SOPV4r_257_0,30
SOPV4r_257_1,30
SOPV4r_258_0,30
SOPV4r_258_1,30
SOPV4r_259_0,30
SOPV4r_259_1,30
SOPV4r_26_0,30
SOPV4r_260_0,30
SOPV4r_260_1,30
SOPV4r_261_0,30
SOPV4r_261_1,30
SOPV4r_262_0,30
SOPV4r_262_1,30
SOPV4r_263_0,30
SOPV4r_263_1,30
SOPV4r_264_0,30
SOPV4r_264_1,30
SOPV4r_265_0,30
SOPV4r_265_1,30
SOPV4r_266_0,30
SOPV4r_266_1,30
SOPV4r_267_0,30
SOPV4r_267_1,30
SOPV4r_268_0,30
SOPV4r_268_1,30
SOPV4r_269_0,30
SOPV4r_269_1,30
SOPV4r_27_0,30
SOPV4r_270_0,30
SOPV4r_270_1,30
SOPV4r_271_0,30
SOPV4r_271_1,30
SOPV4r_272_0,30
SOPV4r_273_0,30
SOPV4r_274_0,30
SOPV4r_275_0,30
SOPV4r_276_0,30
SOPV4r_277_0,30
SOPV4r_277_1,30
SOPV4r_278_0,30
SOPV4r_278_1,30
SOPV4r_279_0,30
SOPV4r_279_1,30
SOPV4r_28_0,30
SOPV4r_280_0,30
SOPV4r_280_1,30
SOPV4r_281_0,30
SOPV4r_281_1,30
SOPV4r_282_0,30
SOPV4r_282_1,30
SOPV4r_283_0,30
SOPV4r_283_1,30
SOPV4r_284_0,30
SOPV4r_284_1,30
SOPV4r_285_0,30
SOPV4r_285_1,30
SOPV4r_286_0,30
SOPV4r_286_1,30
SOPV4r_287_0,30
SOPV4r_287_1,30
SOPV4r_288_0,30
SOPV4r_288_1,30
SOPV4r_289_0,30
SOPV4r_29_0,30
SOPV4r_290_0,30
SOPV4r_291_0,30
SOPV4r_291_1,30
SOPV4r_292_0,30
SOPV4r_292_1,30
SOPV4r_293_0,30
SOPV4r_294_0,30
SOPV4r_295_0,30
SOPV4r_296_0,30
SOPV4r_297_0,30
SOPV4r_297_1,30
SOPV4r_298_0,30
SOPV4r_298_1,30
SOPV4r_299_0,30
SOPV4r_299_1,30
SOPV4r_3_0,30
SOPV4r_30_0,30
SOPV4r_300_0,30
SOPV4r_300_1,30
SOPV4r_301_0,30
SOPV4r_301_1,30
SOPV4r_302_0,30
SOPV4r_302_1,30
SOPV4r_303_0,30
SOPV4r_303_1,30
SOPV4r_304_0,30
SOPV4r_304_1,30
SOPV4r_305_0,30
SOPV4r_305_1,30
SOPV4r_306_0,30
SOPV4r_307_0,30
SOPV4r_308_0,30
SOPV4r_309_0,30
SOPV4r_31_0,30
SOPV4r_310_0,30
SOPV4r_310_1,30
SOPV4r_311_0,30
SOPV4r_312_0,30
SOPV4r_313_0,30
SOPV4r_314_0,30
SOPV4r_314_1,30
SOPV4r_315_0,30
SOPV4r_315_1,30
SOPV4r_316_0,30
SOPV4r_316_1,30
SOPV4r_317_0,30
SOPV4r_317_1,30
SOPV4r_318_0,30
SOPV4r_318_1,30
SOPV4r_319_0,30
SOPV4r_319_1,30
SOPV4r_32_0,30
SOPV4r_32_1,30
SOPV4r_320_0,30
SOPV4r_320_1,30
SOPV4r_321_0,30
SOPV4r_321_1,30
SOPV4r_322_0,30
SOPV4r_322_1,30
SOPV4r_323_0,30
SOPV4r_324_0,30
SOPV4r_325_0,30
SOPV4r_326_0,30
SOPV4r_327_0,30
SOPV4r_327_1,30
SOPV4r_328_0,30
SOPV4r_329_0,30
SOPV4r_33_0,30
SOPV4r_33_1,30
SOPV4r_330_0,30
SOPV4r_330_1,30
SOPV4r_331_0,30
SOPV4r_331_1,30
SOPV4r_332_0,30
SOPV4r_332_1,30
SOPV4r_333_0,30
SOPV4r_333_1,30
SOPV4r_334_0,30
SOPV4r_334_1,30
SOPV4r_335_0,30
SOPV4r_335_1,30
SOPV4r_336_0,30
SOPV4r_336_1,30
SOPV4r_338_0,30
SOPV4r_339_0,30
SOPV4r_34_0,30
SOPV4r_34_1,30
SOPV4r_340_0,30
SOPV4r_341_0,30
SOPV4r_341_1,30
SOPV4r_342_0,30
SOPV4r_342_1,30
SOPV4r_343_0,30
SOPV4r_343_1,30
SOPV4r_344_0,30
SOPV4r_344_1,30
SOPV4r_345_0,30
SOPV4r_345_1,30
SOPV4r_346_0,30
SOPV4r_346_1,30
SOPV4r_347_0,30
SOPV4r_347_1,30
SOPV4r_349_0,30
SOPV4r_35_0,30
SOPV4r_350_0,30
SOPV4r_351_0,30
SOPV4r_352_0,30
SOPV4r_352_1,30
SOPV4r_353_0,30
SOPV4r_353_1,30
SOPV4r_354_0,30
SOPV4r_354_1,30
SOPV4r_355_0,30
SOPV4r_355_1,30
SOPV4r_356_0,30
SOPV4r_357_0,30
SOPV4r_358_0,30
SOPV4r_358_1,30
SOPV4r_359_0,30
SOPV4r_359_1,30
SOPV4r_36_0,30
SOPV4r_360_0,30
SOPV4r_360_1,30
SOPV4r_361_0,30
SOPV4r_361_1,30
SOPV4r_362_0,30
SOPV4r_362_1,30
SOPV4r_363_0,30
SOPV4r_363_1,30
SOPV4r_364_0,30
SOPV4r_364_1,30
SOPV4r_365_0,30
SOPV4r_365_1,30
SOPV4r_366_0,30
SOPV4r_366_1,30
SOPV4r_367_0,30
SOPV4r_367_1,30
SOPV4r_368_0,30
SOPV4r_368_1,30
SOPV4r_369_0,30
SOPV4r_369_1,30
SOPV4r_37_0,30
SOPV4r_370_0,30
SOPV4r_370_1,30
SOPV4r_371_0,30
SOPV4r_371_1,30
SOPV4r_372_0,30
SOPV4r_373_0,30
SOPV4r_373_1,30
SOPV4r_374_0,30
SOPV4r_374_1,30
SOPV4r_375_0,30
SOPV4r_375_1,30
SOPV4r_376_0,30
SOPV4r_376_1,30
SOPV4r_377_0,30
SOPV4r_378_0,30
SOPV4r_38_0,30
SOPV4r_39_0,30
SOPV4r_39_1,30
SOPV4r_4_0,30
SOPV4r_40_0,30
SOPV4r_41_0,30
SOPV4r_42_0,30
SOPV4r_42_1,30
SOPV4r_43_0,30
SOPV4r_43_1,30
SOPV4r_44_0,30
SOPV4r_44_1,30
SOPV4r_45_0,30
SOPV4r_46_0,30
SOPV4r_47_0,30
SOPV4r_48_0,30
SOPV4r_48_1,30
SOPV4r_49_0,30
SOPV4r_49_1,30
SOPV4r_5_0,30
SOPV4r_5_1,30
SOPV4r_50_0,30
SOPV4r_51_0,30
SOPV4r_51_1,30
SOPV4r_52_0,30
SOPV4r_52_1,30
SOPV4r_53_0,30
SOPV4r_54_0,30
SOPV4r_55_0,30
SOPV4r_56_0,30
SOPV4r_57_0,30
SOPV4r_58_0,30
SOPV4r_58_1,30
SOPV4r_59_0,30
SOPV4r_6_0,30
SOPV4r_6_1,30
SOPV4r_60_0,30
SOPV4r_60_1,30
SOPV4r_61_0,30
SOPV4r_62_0,30
SOPV4r_63_0,30
SOPV4r_64_0,30
SOPV4r_65_0,30
SOPV4r_66_0,30
SOPV4r_67_0,30
SOPV4r_68_0,30
SOPV4r_69_0,30
SOPV4r_70_0,30
SOPV4r_71_0,30
SOPV4r_72_0,30
SOPV4r_72_1,30
SOPV4r_73_0,30
SOPV4r_73_1,30
SOPV4r_74_0,30
SOPV4r_74_1,30
SOPV4r_75_0,30
SOPV4r_76_0,30
SOPV4r_77_0,30
SOPV4r_78_0,30
SOPV4r_79_0,30
SOPV4r_8_0,30
SOPV4r_8_1,30
SOPV4r_80_0,30
SOPV4r_81_0,30
SOPV4r_82_0,30
SOPV4r_83_0,30
SOPV4r_84_0,30
SOPV4r_85_0,30
SOPV4r_86_0,30
SOPV4r_87_0,30
SOPV4r_87_1,30
SOPV4r_88_0,30
SOPV4r_88_1,30
SOPV4r_89_0,30
SOPV4r_9_0,30
SOPV4r_90_0,30
SOPV4r_91_0,30
SOPV4r_91_1,30
SOPV4r_92_0,30
SOPV4r_92_1,30
SOPV4r_93_0,30
SOPV4r_93_1,30
SOPV4r_94_0,30
SOPV4r_94_1,30
SOPV4r_95_0,30
SOPV4r_96_0,30
SOPV4r_97_0,30
SOPV4r_97_1,30
SOPV4r_98_0,30
SOPV4r_99_0,30
WI_1,20
WI_10,20
WI_100,20
WI_101,20
WI_102,20
WI_103,20
WI_104,20
WI_105,20
WI_106,20
WI_107,20
WI_108,20
WI_109,20
WI_11,20
WI_110,20
WI_111,20
WI_112,20
WI_113,20
WI_114,20
WI_115,20
WI_116,20
WI_117,20
WI_118,20
WI_119,20
WI_12,20
WI_120,20
WI_121,20
WI_122,20
WI_123,20
WI_124,20
WI_125,20
WI_126,20
WI_127,20
WI_128,20
WI_129,20
WI_13,20
WI_130,20
WI_131,20
WI_132,20
WI_133,20
WI_134,20
WI_135,20
WI_136,20
WI_137,20
WI_138,20
WI_139,20
WI_14,20
WI_140,20
WI_141,20
WI_142,20
WI_143,20
WI_144,20
WI_145,20
WI_146,20
WI_147,20
WI_148,20
WI_149,20
WI_15,20
WI_150,20
WI_151,20
WI_152,20
WI_153,20
WI_154,20
WI_155,20
WI_156,20
WI_157,20
WI_158,20
WI_159,20
WI_16,20
WI_160,20
WI_161,20
WI_162,20
WI_163,20
WI_164,20
WI_165,20
WI_166,20
WI_167,20
WI_168,20
WI_169,20
WI_17,20
WI_170,20
WI_171,20
WI_172,20
WI_173,20
WI_174,20
WI_175,20
WI_176,20
WI_177,20
WI_178,20
WI_179,20
WI_18,20
WI_180,20
WI_181,20
WI_182,20
WI_183,20
WI_184,20
WI_185,20
WI_186,20
WI_187,20
WI_188,20
WI_189,20
WI_19,20
WI_190,20
WI_191,20
WI_192,20
WI_193,20
WI_194,20
WI_195,20
WI_196,20
WI_197,20
WI_198,20
WI_199,20
WI_2,20
WI_20,20
WI_200,20
WI_201,20
WI_202,20
WI_203,20
WI_204,20
WI_205,20
WI_206,20
WI_207,20
WI_208,20
WI_209,20
WI_21,20
WI_210,20
WI_211,20
WI_212,20
WI_213,20
WI_214,20
WI_215,20
WI_216,20
WI_217,20
WI_218,20
WI_219,20
WI_22,20
WI_220,20
WI_221,20
WI_222,20
WI_223,20
WI_224,20
WI_225,20
WI_226,20
WI_227,20
WI_228,20
WI_229,20
WI_23,20
WI_230,20
WI_231,20
WI_232,20
WI_233,20
WI_234,20
WI_235,20
WI_236,20
WI_237,20
WI_238,20
WI_239,20
WI_24,20
WI_240,20
WI_241,20
WI_242,20
WI_243,20
WI_244,20
WI_245,20
WI_246,20
WI_247,20
WI_248,20
WI_249,20
WI_25,20
WI_250,20
WI_251,20
WI_252,20
WI_253,20
WI_254,20
WI_255,20
WI_256,20
WI_257,20
WI_258,20
WI_259,20
WI_26,20
WI_260,20
WI_261,20
WI_262,20
WI_263,20
WI_264,20
WI_265,20
WI_266,20
WI_267,20
WI_268,20
WI_269,20
WI_27,20
WI_270,20
WI_271,20
WI_272,20
WI_273,20
WI_274,20
WI_275,20
WI_276,20
WI_277,20
WI_278,20
WI_279,20
WI_28,20
WI_280,20
WI_281,20
WI_282,20
WI_283,20
WI_284,20
WI_285,20
WI_286,20
WI_287,20
WI_288,20
WI_289,20
WI_29,20
WI_290,20
WI_291,20
WI_292,20
WI_293,20
WI_294,20
WI_295,20
WI_296,20
WI_297,20
WI_298,20
WI_299,20
WI_3,20
WI_30,20
WI_300,20
WI_301,20
WI_302,20
WI_303,20
WI_304,20
WI_305,20
WI_306,20
WI_307,20
WI_308,20
WI_309,20
WI_31,20
WI_310,20
WI_311,20
WI_312,20
WI_313,20
WI_314,20
WI_315,20
WI_316,20
WI_317,20
WI_318,20
WI_319,20
WI_32,20
WI_320,20
WI_321,20
WI_322,20
WI_323,20
WI_324,20
WI_325,20
WI_326,20
WI_327,20
WI_328,20
WI_329,20
WI_33,20
WI_330,20
WI_331,20
WI_332,20
WI_333,20
WI_334,20
WI_335,20
WI_336,20
WI_337,20
WI_338,20
WI_339,20
WI_34,20
WI_340,20
WI_341,20
WI_342,20
WI_343,20
WI_344,20
WI_345,20
WI_346,20
WI_347,20
WI_348,20
WI_349,20
WI_35,20
WI_350,20
WI_351,20
WI_352,20
WI_353,20
WI_354,20
WI_355,20
WI_356,20
WI_357,20
WI_358,20
WI_359,20
WI_36,20
WI_360,20
WI_361,20
WI_362,20
WI_363,20
WI_364,20
WI_365,20
WI_366,20
WI_367,20
WI_368,20
WI_369,20
WI_37,20
WI_370,20
WI_371,20
WI_372,20
WI_373,20
WI_374,20
WI_375,20
WI_376,20
WI_377,20
WI_378,20
WI_38,20
WI_39,20
WI_4,20
WI_40,20
WI_41,20
WI_42,20
WI_43,20
WI_44,20
WI_45,20
WI_46,20
WI_47,20
WI_48,20
WI_49,20
WI_5,20
WI_50,20
WI_51,20
WI_52,20
WI_53,20
WI_54,20
WI_55,20
WI_56,20
WI_57,20
WI_58,20
WI_59,20
WI_6,20
WI_60,20
WI_61,20
WI_62,20
WI_63,20
WI_64,20
WI_65,20
WI_66,20
WI_67,20
WI_68,20
WI_69,20
WI_7,20
WI_70,20
WI_71,20
WI_72,20
WI_73,20
WI_74,20
WI_75,20
WI_76,20
WI_77,20
WI_78,20
WI_79,20
WI_8,20
WI_80,20
WI_81,20
WI_82,20
WI_83,20
WI_84,20
WI_85,20
WI_86,20
WI_87,20
WI_88,20
WI_89,20
WI_9,20
WI_90,20
WI_91,20
WI_92,20
WI_93,20
WI_94,20
WI_95,20
WI_96,20
WI_97,20
WI_98,20
WI_99,20
WI4c_1,20
WI4c_10,20
WI4c_100,20
WI4c_101,20
WI4c_102,20
WI4c_103,20
WI4c_104,20
WI4c_105,20
WI4c_106,20
WI4c_107,20
WI4c_108,20
WI4c_109,20
WI4c_11,20
WI4c_110,20
WI4c_111,20
WI4c_112,20
WI4c_113,20
WI4c_114,20
WI4c_115,20
WI4c_116,20
WI4c_117,20
WI4c_118,20
WI4c_119,20
WI4c_12,20
WI4c_120,20
WI4c_121,20
WI4c_122,20
WI4c_123,20
WI4c_124,20
WI4c_125,20
WI4c_126,20
WI4c_127,20
WI4c_128,20
WI4c_129,20
WI4c_13,20
WI4c_130,20
WI4c_131,20
WI4c_132,20
WI4c_133,20
WI4c_134,20
WI4c_135,20
WI4c_136,20
WI4c_137,20
WI4c_138,20
WI4c_139,20
WI4c_14,20
WI4c_140,20
WI4c_141,20
WI4c_142,20
WI4c_143,20
WI4c_144,20
WI4c_145,20
WI4c_146,20
WI4c_147,20
WI4c_148,20
WI4c_149,20
WI4c_15,20
WI4c_150,20
WI4c_151,20
WI4c_152,20
WI4c_153,20
WI4c_154,20
WI4c_155,20
WI4c_156,20
WI4c_157,20
WI4c_158,20
WI4c_159,20
WI4c_16,20
WI4c_160,20
WI4c_161,20
WI4c_162,20
WI4c_163,20
WI4c_164,20
WI4c_165,20
WI4c_166,20
WI4c_167,20
WI4c_168,20
WI4c_169,20
WI4c_17,20
WI4c_170,20
WI4c_171,20
WI4c_172,20
WI4c_173,20
WI4c_174,20
WI4c_175,20
WI4c_176,20
WI4c_177,20
WI4c_178,20
WI4c_179,20
WI4c_18,20
WI4c_180,20
WI4c_181,20
WI4c_182,20
WI4c_183,20
WI4c_184,20
WI4c_185,20
WI4c_186,20
WI4c_187,20
WI4c_188,20
WI4c_189,20
WI4c_19,20
WI4c_190,20
WI4c_191,20
WI4c_192,20
WI4c_193,20
WI4c_194,20
WI4c_195,20
WI4c_196,20
WI4c_197,20
WI4c_198,20
WI4c_199,20
WI4c_2,20
WI4c_20,20
WI4c_200,20
WI4c_201,20
WI4c_202,20
WI4c_203,20
WI4c_204,20
WI4c_205,20
WI4c_206,20
WI4c_207,20
WI4c_208,20
WI4c_209,20
WI4c_21,20
WI4c_210,20
WI4c_211,20
WI4c_212,20
WI4c_213,20
WI4c_214,20
WI4c_215,20
WI4c_216,20
WI4c_217,20
WI4c_218,20
WI4c_219,20
WI4c_22,20
WI4c_220,20
WI4c_221,20
WI4c_222,20
WI4c_223,20
WI4c_224,20
WI4c_225,20
WI4c_226,20
WI4c_227,20
WI4c_228,20
WI4c_229,20
WI4c_23,20
WI4c_230,20
WI4c_231,20
WI4c_232,20
WI4c_233,20
WI4c_234,20
WI4c_235,20
WI4c_236,20
WI4c_237,20
WI4c_238,20
WI4c_239,20
WI4c_24,20
WI4c_240,20
WI4c_241,20
WI4c_242,20
WI4c_243,20
WI4c_244,20
WI4c_245,20
WI4c_246,20
WI4c_247,20
WI4c_248,20
WI4c_249,20
WI4c_25,20
WI4c_250,20
WI4c_251,20
WI4c_252,20
WI4c_253,20
WI4c_254,20
WI4c_255,20
WI4c_256,20
WI4c_257,20
WI4c_258,20
WI4c_259,20
WI4c_26,20
WI4c_260,20
WI4c_261,20
WI4c_262,20
WI4c_263,20
WI4c_264,20
WI4c_265,20
WI4c_266,20
WI4c_267,20
WI4c_268,20
WI4c_269,20
WI4c_27,20
WI4c_270,20
WI4c_271,20
WI4c_272,20
WI4c_273,20
WI4c_274,20
WI4c_275,20
WI4c_276,20
WI4c_277,20
WI4c_278,20
WI4c_279,20
WI4c_28,20
WI4c_280,20
WI4c_281,20
WI4c_282,20
WI4c_283,20
WI4c_284,20
WI4c_285,20
WI4c_286,20
WI4c_287,20
WI4c_288,20
WI4c_289,20
WI4c_29,20
WI4c_290,20
WI4c_291,20
WI4c_292,20
WI4c_293,20
WI4c_294,20
WI4c_295,20
WI4c_296,20
WI4c_297,20
WI4c_298,20
WI4c_299,20
WI4c_3,20
WI4c_30,20
WI4c_300,20
WI4c_301,20
WI4c_302,20
WI4c_303,20
WI4c_304,20
WI4c_305,20
WI4c_306,20
WI4c_307,20
WI4c_308,20
WI4c_309,20
WI4c_31,20
WI4c_310,20
WI4c_311,20
WI4c_312,20
WI4c_313,20
WI4c_314,20
WI4c_315,20
WI4c_316,20
WI4c_317,20
WI4c_318,20
WI4c_319,20
WI4c_32,20
WI4c_320,20
WI4c_321,20
WI4c_322,20
WI4c_323,20
WI4c_324,20
WI4c_325,20
WI4c_326,20
WI4c_327,20
WI4c_328,20
WI4c_329,20
WI4c_33,20
WI4c_330,20
WI4c_331,20
WI4c_332,20
WI4c_333,20
WI4c_334,20
WI4c_335,20
WI4c_336,20
WI4c_337,20
WI4c_338,20
WI4c_339,20
WI4c_34,20
WI4c_340,20
WI4c_341,20
WI4c_342,20
WI4c_343,20
WI4c_344,20
WI4c_345,20
WI4c_346,20
WI4c_347,20
WI4c_348,20
WI4c_349,20
WI4c_35,20
WI4c_350,20
WI4c_351,20
WI4c_352,20
WI4c_353,20
WI4c_354,20
WI4c_355,20
WI4c_356,20
WI4c_357,20
WI4c_358,20
WI4c_359,20
WI4c_36,20
WI4c_360,20
WI4c_361,20
WI4c_362,20
WI4c_363,20
WI4c_364,20
WI4c_365,20
WI4c_366,20
WI4c_367,20
WI4c_368,20
WI4c_369,20
WI4c_37,20
WI4c_370,20
WI4c_371,20
WI4c_372,20
WI4c_373,20
WI4c_374,20
WI4c_375,20
WI4c_376,20
WI4c_377,20
WI4c_378,20
WI4c_38,20
WI4c_39,20
WI4c_4,20
WI4c_40,20
WI4c_41,20
WI4c_42,20
WI4c_43,20
WI4c_44,20
WI4c_45,20
WI4c_46,20
WI4c_47,20
WI4c_48,20
WI4c_49,20
WI4c_5,20
WI4c_50,20
WI4c_51,20
WI4c_52,20
WI4c_53,20
WI4c_54,20
WI4c_55,20
WI4c_56,20
WI4c_57,20
WI4c_58,20
WI4c_59,20
WI4c_6,20
WI4c_60,20
WI4c_61,20
WI4c_62,20
WI4c_63,20
WI4c_64,20
WI4c_65,20
WI4c_66,20
WI4c_67,20
WI4c_68,20
WI4c_69,20
WI4c_7,20
WI4c_70,20
WI4c_71,20
WI4c_72,20
WI4c_73,20
WI4c_74,20
WI4c_75,20
WI4c_76,20
WI4c_77,20
WI4c_78,20
WI4c_79,20
WI4c_8,20
WI4c_80,20
WI4c_81,20
WI4c_82,20
WI4c_83,20
WI4c_84,20
WI4c_85,20
WI4c_86,20
WI4c_87,20
WI4c_88,20
WI4c_89,20
WI4c_9,20
WI4c_90,20
WI4c_91,20
WI4c_92,20
WI4c_93,20
WI4c_94,20
WI4c_95,20
WI4c_96,20
WI4c_97,20
WI4c_98,20
WI4c_99,20
TRHV_1,60
TRHV_10,60
TRHV_101,60
TRHV_103,60
TRHV_104,60
TRHV_107,60
TRHV_11,60
TRHV_111,60
TRHV_112,60
TRHV_113,60
TRHV_115,60
TRHV_116,60
TRHV_118,60
TRHV_119,60
TRHV_12,60
TRHV_120,60
TRHV_121,60
TRHV_124,60
TRHV_125,60
TRHV_128,60
TRHV_129,60
TRHV_13,60
TRHV_130,60
TRHV_132,60
TRHV_133,60
TRHV_135,60
TRHV_136,60
TRHV_137,60
TRHV_138,60
TRHV_139,60
TRHV_14,60
TRHV_141,60
TRHV_142,60
TRHV_146,60
TRHV_15,60
TRHV_150,60
TRHV_151,60
TRHV_152,60
TRHV_154,60
TRHV_155,60
TRHV_156,60
TRHV_157,60
TRHV_158,60
TRHV_159,60
TRHV_16,60
TRHV_169,60
TRHV_17,60
TRHV_170,60
TRHV_175,60
TRHV_176,60
TRHV_177,60
TRHV_18,60
TRHV_185,60
TRHV_19,60
TRHV_191,60
TRHV_194,60
TRHV_195,60
TRHV_196,60
TRHV_2,60
TRHV_210,60
TRHV_211,60
TRHV_212,60
TRHV_213,60
TRHV_214,60
TRHV_216,60
TRHV_22,60
TRHV_23,60
TRHV_230,60
TRHV_231,60
TRHV_234,60
TRHV_236,60
TRHV_24,60
TRHV_25,60
TRHV_250,60
TRHV_254,60
TRHV_255,60
TRHV_256,60
TRHV_26,60
TRHV_27,60
TRHV_272,60
TRHV_273,60
TRHV_274,60
TRHV_275,60
TRHV_276,60
TRHV_28,60
TRHV_289,60
TRHV_29,60
TRHV_290,60
TRHV_293,60
TRHV_294,60
TRHV_295,60
TRHV_296,60
TRHV_3,60
TRHV_30,60
TRHV_306,60
TRHV_307,60
TRHV_308,60
TRHV_309,60
TRHV_31,60
TRHV_311,60
TRHV_312,60
TRHV_313,60
TRHV_32,60
TRHV_323,60
TRHV_324,60
TRHV_325,60
TRHV_326,60
TRHV_328,60
TRHV_329,60
TRHV_338,60
TRHV_339,60
TRHV_340,60
TRHV_349,60
TRHV_35,60
TRHV_350,60
TRHV_351,60
TRHV_356,60
TRHV_357,60
TRHV_36,60
TRHV_37,60
TRHV_372,60
TRHV_377,60
TRHV_378,60
TRHV_38,60
TRHV_39,60
TRHV_4,60
TRHV_40,60
TRHV_41,60
TRHV_44,60
TRHV_45,60
TRHV_46,60
TRHV_47,60
TRHV_5,60
TRHV_50,60
TRHV_53,60
TRHV_54,60
TRHV_55,60
TRHV_56,60
TRHV_57,60
TRHV_59,60
TRHV_6,60
TRHV_60,60
TRHV_61,60
TRHV_62,60
TRHV_63,60
TRHV_64,60
TRHV_65,60
TRHV_66,60
TRHV_67,60
TRHV_68,60
TRHV_69,60
TRHV_70,60
TRHV_71,60
TRHV_72,60
TRHV_75,60
TRHV_76,60
TRHV_77,60
TRHV_78,60
TRHV_79,60
TRHV_80,60
TRHV_81,60
TRHV_82,60
TRHV_83,60
TRHV_84,60
TRHV_85,60
TRHV_86,60
TRHV_89,60
TRHV_9,60
TRHV_90,60
TRHV_95,60
TRHV_96,60
TRHV_98,60
TRHV_99,60
TRLV_1_0,60
TRLV_1_1,60
TRLV_10_0,60
TRLV_100_0,60
TRLV_100_1,60
TRLV_101_0,60
TRLV_103_0,60
TRLV_104_0,60
TRLV_105_0,60
TRLV_105_1,60
TRLV_106_0,60
TRLV_106_1,60
TRLV_107_0,60
TRLV_108_0,60
TRLV_108_1,60
TRLV_109_0,60
TRLV_109_1,60
TRLV_11_0,60
TRLV_11_1,60
TRLV_110_0,60
TRLV_110_1,60
TRLV_111_0,60
TRLV_112_0,60
TRLV_112_1,60
TRLV_113_0,60
TRLV_114_0,60
TRLV_114_1,60
TRLV_115_0,60
TRLV_116_0,60
TRLV_116_1,60
TRLV_117_0,60
TRLV_117_1,60
TRLV_118_0,60
TRLV_119_0,60
TRLV_12_0,60
TRLV_120_0,60
TRLV_120_1,60
TRLV_121_0,60
TRLV_122_0,60
TRLV_122_1,60
TRLV_123_0,60
TRLV_123_1,60
TRLV_124_0,60
TRLV_125_0,60
TRLV_126_0,60
TRLV_126_1,60
TRLV_127_0,60
TRLV_127_1,60
TRLV_128_0,60
TRLV_129_0,60
TRLV_13_0,60
TRLV_130_0,60
TRLV_131_0,60
TRLV_131_1,60
TRLV_132_0,60
TRLV_133_0,60
TRLV_134_0,60
TRLV_134_1,60
TRLV_135_0,60
TRLV_136_0,60
TRLV_137_0,60
TRLV_138_0,60
TRLV_139_0,60
TRLV_14_0,60
TRLV_140_0,60
TRLV_140_1,60
TRLV_141_0,60
TRLV_142_0,60
TRLV_143_0,60
TRLV_143_1,60
TRLV_144_0,60
TRLV_144_1,60
TRLV_145_0,60
TRLV_145_1,60
TRLV_146_0,60
TRLV_147_0,60
TRLV_147_1,60
TRLV_148_0,60
TRLV_148_1,60
TRLV_149_0,60
TRLV_149_1,60
TRLV_15_0,60
TRLV_150_0,60
TRLV_151_0,60
TRLV_152_0,60
TRLV_153_0,60
TRLV_153_1,60
TRLV_154_0,60
TRLV_155_0,60
TRLV_156_0,60
TRLV_157_0,60
TRLV_158_0,60
TRLV_159_0,60
TRLV_16_0,60
TRLV_16_1,60
TRLV_160_0,60
TRLV_160_1,60
TRLV_161_0,60
TRLV_161_1,60
TRLV_162_0,60
TRLV_162_1,60
TRLV_163_0,60
TRLV_163_1,60
TRLV_164_0,60
TRLV_164_1,60
TRLV_165_0,60
TRLV_165_1,60
TRLV_166_0,60
TRLV_166_1,60
TRLV_167_0,60
TRLV_167_1,60
TRLV_168_0,60
TRLV_168_1,60
TRLV_169_0,60
TRLV_17_0,60
TRLV_17_1,60
TRLV_170_0,60
TRLV_171_0,60
TRLV_171_1,60
TRLV_172_0,60
TRLV_172_1,60
TRLV_173_0,60
TRLV_173_1,60
TRLV_174_0,60
TRLV_174_1,60
TRLV_175_0,60
TRLV_176_0,60
TRLV_177_0,60
TRLV_178_0,60
TRLV_178_1,60
TRLV_179_0,60
TRLV_179_1,60
TRLV_18_0,60
TRLV_180_0,60
TRLV_180_1,60
TRLV_181_0,60
TRLV_181_1,60
TRLV_182_0,60
TRLV_182_1,60
TRLV_183_0,60
TRLV_183_1,60
TRLV_184_0,60
TRLV_184_1,60
TRLV_185_0,60
TRLV_185_1,60
TRLV_186_0,60
TRLV_186_1,60
TRLV_187_0,60
TRLV_187_1,60
TRLV_188_0,60
TRLV_188_1,60
TRLV_189_0,60
TRLV_189_1,60
TRLV_19_0,60
TRLV_190_0,60
TRLV_190_1,60
TRLV_191_0,60
TRLV_192_0,60
TRLV_192_1,60
TRLV_193_0,60
TRLV_193_1,60
TRLV_194_0,60
TRLV_195_0,60
TRLV_196_0,60
TRLV_197_0,60
TRLV_197_1,60
TRLV_198_0,60
TRLV_198_1,60
TRLV_199_0,60
TRLV_199_1,60
TRLV_2_0,60
TRLV_20_0,60
TRLV_20_1,60
TRLV_200_0,60
TRLV_200_1,60
TRLV_201_0,60
TRLV_201_1,60
TRLV_202_0,60
TRLV_202_1,60
TRLV_203_0,60
TRLV_203_1,60
TRLV_204_0,60
TRLV_204_1,60
TRLV_205_0,60
TRLV_205_1,60
TRLV_206_0,60
TRLV_206_1,60
TRLV_207_0,60
TRLV_207_1,60
TRLV_208_0,60
TRLV_208_1,60
TRLV_209_0,60
TRLV_209_1,60
TRLV_21_0,60
TRLV_21_1,60
TRLV_210_0,60
TRLV_211_0,60
TRLV_212_0,60
TRLV_213_0,60
TRLV_214_0,60
TRLV_215_0,60
TRLV_215_1,60
TRLV_216_0,60
TRLV_216_1,60
TRLV_217_0,60
TRLV_217_1,60
TRLV_218_0,60
TRLV_218_1,60
TRLV_219_0,60
TRLV_219_1,60
TRLV_22_0,60
TRLV_220_0,60
TRLV_220_1,60
TRLV_221_0,60
TRLV_221_1,60
TRLV_222_0,60
TRLV_222_1,60
TRLV_223_0,60
TRLV_223_1,60
TRLV_224_0,60
TRLV_224_1,60
TRLV_225_0,60
TRLV_225_1,60
TRLV_226_0,60
TRLV_226_1,60
TRLV_227_0,60
TRLV_227_1,60
TRLV_228_0,60
TRLV_228_1,60
TRLV_229_0,60
TRLV_229_1,60
TRLV_23_0,60
TRLV_230_0,60
TRLV_231_0,60
TRLV_232_0,60
TRLV_232_1,60
TRLV_233_0,60
TRLV_233_1,60
TRLV_234_0,60
TRLV_235_0,60
TRLV_235_1,60
TRLV_236_0,60
TRLV_237_0,60
TRLV_237_1,60
TRLV_238_0,60
TRLV_238_1,60
TRLV_239_0,60
TRLV_239_1,60
TRLV_24_0,60
TRLV_240_0,60
TRLV_240_1,60
TRLV_241_0,60
TRLV_241_1,60
TRLV_242_0,60
TRLV_242_1,60
TRLV_243_0,60
TRLV_243_1,60
TRLV_244_0,60
TRLV_244_1,60
TRLV_245_0,60
TRLV_245_1,60
TRLV_246_0,60
TRLV_246_1,60
TRLV_247_0,60
TRLV_247_1,60
TRLV_248_0,60
TRLV_248_1,60
TRLV_249_0,60
TRLV_249_1,60
TRLV_25_0,60
TRLV_250_0,60
TRLV_251_0,60
TRLV_251_1,60
TRLV_252_0,60
TRLV_252_1,60
TRLV_253_0,60
TRLV_253_1,60
TRLV_254_0,60
TRLV_255_0,60
TRLV_256_0,60
TRLV_257_0,60
TRLV_257_1,60
TRLV_258_0,60
TRLV_258_1,60
TRLV_259_0,60
TRLV_259_1,60
TRLV_26_0,60
TRLV_260_0,60
TRLV_260_1,60
TRLV_261_0,60
TRLV_261_1,60
TRLV_262_0,60
TRLV_262_1,60
TRLV_263_0,60
TRLV_263_1,60
TRLV_264_0,60
TRLV_264_1,60
TRLV_265_0,60
TRLV_265_1,60
TRLV_266_0,60
TRLV_266_1,60
TRLV_267_0,60
TRLV_267_1,60
TRLV_268_0,60
TRLV_268_1,60
TRLV_269_0,60
TRLV_269_1,60
TRLV_27_0,60
TRLV_270_0,60
TRLV_270_1,60
TRLV_271_0,60
TRLV_271_1,60
TRLV_272_0,60
TRLV_273_0,60
TRLV_274_0,60
TRLV_275_0,60
TRLV_276_0,60
TRLV_277_0,60
TRLV_277_1,60
TRLV_278_0,60
TRLV_278_1,60
TRLV_279_0,60
TRLV_279_1,60
TRLV_28_0,60
TRLV_280_0,60
TRLV_280_1,60
TRLV_281_0,60
TRLV_281_1,60
TRLV_282_0,60
TRLV_282_1,60
TRLV_283_0,60
TRLV_283_1,60
TRLV_284_0,60
TRLV_284_1,60
TRLV_285_0,60
TRLV_285_1,60
TRLV_286_0,60
TRLV_286_1,60
TRLV_287_0,60
TRLV_287_1,60
TRLV_288_0,60
TRLV_288_1,60
TRLV_289_0,60
TRLV_29_0,60
TRLV_290_0,60
TRLV_291_0,60
TRLV_291_1,60
TRLV_292_0,60
TRLV_292_1,60
TRLV_293_0,60
TRLV_294_0,60
TRLV_295_0,60
TRLV_296_0,60
TRLV_297_0,60
TRLV_297_1,60
TRLV_298_0,60
TRLV_298_1,60
TRLV_299_0,60
TRLV_299_1,60
TRLV_3_0,60
TRLV_30_0,60
TRLV_300_0,60
TRLV_300_1,60
TRLV_301_0,60
TRLV_301_1,60
TRLV_302_0,60
TRLV_302_1,60
TRLV_303_0,60
TRLV_303_1,60
TRLV_304_0,60
TRLV_304_1,60
TRLV_305_0,60
TRLV_305_1,60
TRLV_306_0,60
TRLV_307_0,60
TRLV_308_0,60
TRLV_309_0,60
TRLV_31_0,60
TRLV_310_0,60
TRLV_310_1,60
TRLV_311_0,60
TRLV_312_0,60
TRLV_313_0,60
TRLV_314_0,60
TRLV_314_1,60
TRLV_315_0,60
TRLV_315_1,60
TRLV_316_0,60
TRLV_316_1,60
TRLV_317_0,60
TRLV_317_1,60
TRLV_318_0,60
TRLV_318_1,60
TRLV_319_0,60
TRLV_319_1,60
TRLV_32_0,60
TRLV_32_1,60
TRLV_320_0,60
TRLV_320_1,60
TRLV_321_0,60
TRLV_321_1,60
TRLV_322_0,60
TRLV_322_1,60
TRLV_323_0,60
TRLV_324_0,60
TRLV_325_0,60
TRLV_326_0,60
TRLV_327_0,60
TRLV_327_1,60
TRLV_328_0,60
TRLV_329_0,60
TRLV_33_0,60
TRLV_33_1,60
TRLV_330_0,60
TRLV_330_1,60
TRLV_331_0,60
TRLV_331_1,60
TRLV_332_0,60
TRLV_332_1,60
TRLV_333_0,60
TRLV_333_1,60
TRLV_334_0,60
TRLV_334_1,60
TRLV_335_0,60
TRLV_335_1,60
TRLV_336_0,60
TRLV_336_1,60
TRLV_338_0,60
TRLV_339_0,60
TRLV_34_0,60
TRLV_34_1,60
TRLV_340_0,60
TRLV_341_0,60
TRLV_341_1,60
TRLV_342_0,60
TRLV_342_1,60
TRLV_343_0,60
TRLV_343_1,60
TRLV_344_0,60
TRLV_344_1,60
TRLV_345_0,60
TRLV_345_1,60
TRLV_346_0,60
TRLV_346_1,60
TRLV_347_0,60
TRLV_347_1,60
TRLV_349_0,60
TRLV_35_0,60
TRLV_350_0,60
TRLV_351_0,60
TRLV_352_0,60
TRLV_352_1,60
TRLV_353_0,60
TRLV_353_1,60
TRLV_354_0,60
TRLV_354_1,60
TRLV_355_0,60
TRLV_355_1,60
TRLV_356_0,60
TRLV_357_0,60
TRLV_358_0,60
TRLV_358_1,60
TRLV_359_0,60
TRLV_359_1,60
TRLV_36_0,60
TRLV_360_0,60
TRLV_360_1,60
TRLV_361_0,60
TRLV_361_1,60
TRLV_362_0,60
TRLV_362_1,60
TRLV_363_0,60
TRLV_363_1,60
TRLV_364_0,60
TRLV_364_1,60
TRLV_365_0,60
TRLV_365_1,60
TRLV_366_0,60
TRLV_366_1,60
TRLV_367_0,60
TRLV_367_1,60
TRLV_368_0,60
TRLV_368_1,60
TRLV_369_0,60
TRLV_369_1,60
TRLV_37_0,60
TRLV_370_0,60
TRLV_370_1,60
TRLV_371_0,60
TRLV_371_1,60
TRLV_372_0,60
TRLV_373_0,60
TRLV_373_1,60
TRLV_374_0,60
TRLV_374_1,60
TRLV_375_0,60
TRLV_375_1,60
TRLV_376_0,60
TRLV_376_1,60
TRLV_377_0,60
TRLV_378_0,60
TRLV_38_0,60
TRLV_39_0,60
TRLV_39_1,60
TRLV_4_0,60
TRLV_40_0,60
TRLV_41_0,60
TRLV_42_0,60
TRLV_42_1,60
TRLV_43_0,60
TRLV_43_1,60
TRLV_44_0,60
TRLV_44_1,60
TRLV_45_0,60
TRLV_46_0,60
TRLV_47_0,60
TRLV_48_0,60
TRLV_48_1,60
TRLV_49_0,60
TRLV_49_1,60
TRLV_5_0,60
TRLV_5_1,60
TRLV_50_0,60
TRLV_51_0,60
TRLV_51_1,60
TRLV_52_0,60
TRLV_52_1,60
TRLV_53_0,60
TRLV_54_0,60
TRLV_55_0,60
TRLV_56_0,60
TRLV_57_0,60
TRLV_58_0,60
TRLV_58_1,60
TRLV_59_0,60
TRLV_6_0,60
TRLV_6_1,60
TRLV_60_0,60
TRLV_60_1,60
TRLV_61_0,60
TRLV_62_0,60
TRLV_63_0,60
TRLV_64_0,60
TRLV_65_0,60
TRLV_66_0,60
TRLV_67_0,60
TRLV_68_0,60
TRLV_69_0,60
TRLV_70_0,60
TRLV_71_0,60
TRLV_72_0,60
TRLV_72_1,60
TRLV_73_0,60
TRLV_73_1,60
TRLV_74_0,60
TRLV_74_1,60
TRLV_75_0,60
TRLV_76_0,60
TRLV_77_0,60
TRLV_78_0,60
TRLV_79_0,60
TRLV_8_0,60
TRLV_8_1,60
TRLV_80_0,60
TRLV_81_0,60
TRLV_82_0,60
TRLV_83_0,60
TRLV_84_0,60
TRLV_85_0,60
TRLV_86_0,60
TRLV_87_0,60
TRLV_87_1,60
TRLV_88_0,60
TRLV_88_1,60
TRLV_89_0,60
TRLV_9_0,60
TRLV_90_0,60
TRLV_91_0,60
TRLV_91_1,60
TRLV_92_0,60
TRLV_92_1,60
TRLV_93_0,60
TRLV_93_1,60
TRLV_94_0,60
TRLV_94_1,60
TRLV_95_0,60
TRLV_96_0,60
TRLV_97_0,60
TRLV_97_1,60
TRLV_98_0,60
TRLV_99_0,60
KEEL00d_100,60
KEEL00d_105,60
KEEL00d_106,60
KEEL00d_108,60
KEEL00d_109,60
KEEL00d_110,60
KEEL00d_114,60
KEEL00d_117,60
KEEL00d_122,60
KEEL00d_123,60
KEEL00d_126,60
KEEL00d_127,60
KEEL00d_131,60
KEEL00d_134,60
KEEL00d_140,60
KEEL00d_143,60
KEEL00d_144,60
KEEL00d_145,60
KEEL00d_147,60
KEEL00d_148,60
KEEL00d_149,60
KEEL00d_153,60
KEEL00d_160,60
KEEL00d_161,60
KEEL00d_162,60
KEEL00d_163,60
KEEL00d_164,60
KEEL00d_165,60
KEEL00d_166,60
KEEL00d_167,60
KEEL00d_168,60
KEEL00d_171,60
KEEL00d_172,60
KEEL00d_173,60
KEEL00d_174,60
KEEL00d_178,60
KEEL00d_179,60
KEEL00d_180,60
KEEL00d_181,60
KEEL00d_182,60
KEEL00d_183,60
KEEL00d_184,60
KEEL00d_186,60
KEEL00d_187,60
KEEL00d_188,60
KEEL00d_189,60
KEEL00d_190,60
KEEL00d_192,60
KEEL00d_193,60
KEEL00d_197,60
KEEL00d_198,60
KEEL00d_199,60
KEEL00d_20,60
KEEL00d_200,60
KEEL00d_201,60
KEEL00d_202,60
KEEL00d_203,60
KEEL00d_204,60
KEEL00d_205,60
KEEL00d_206,60
KEEL00d_207,60
KEEL00d_208,60
KEEL00d_209,60
KEEL00d_21,60
KEEL00d_215,60
KEEL00d_217,60
KEEL00d_218,60
KEEL00d_219,60
KEEL00d_220,60
KEEL00d_221,60
KEEL00d_222,60
KEEL00d_223,60
KEEL00d_224,60
KEEL00d_225,60
KEEL00d_226,60
KEEL00d_227,60
KEEL00d_228,60
KEEL00d_229,60
KEEL00d_232,60
KEEL00d_233,60
KEEL00d_235,60
KEEL00d_237,60
KEEL00d_238,60
KEEL00d_239,60
KEEL00d_240,60
KEEL00d_241,60
KEEL00d_242,60
KEEL00d_243,60
KEEL00d_244,60
KEEL00d_245,60
KEEL00d_246,60
KEEL00d_247,60
KEEL00d_248,60
KEEL00d_249,60
KEEL00d_251,60
KEEL00d_252,60
KEEL00d_253,60
KEEL00d_257,60
KEEL00d_258,60
KEEL00d_259,60
KEEL00d_260,60
KEEL00d_261,60
KEEL00d_262,60
KEEL00d_263,60
KEEL00d_264,60
KEEL00d_265,60
KEEL00d_266,60
KEEL00d_267,60
KEEL00d_268,60
KEEL00d_269,60
KEEL00d_270,60
KEEL00d_271,60
KEEL00d_277,60
KEEL00d_278,60
KEEL00d_279,60
KEEL00d_280,60
KEEL00d_281,60
KEEL00d_282,60
KEEL00d_283,60
KEEL00d_284,60
KEEL00d_285,60
KEEL00d_286,60
KEEL00d_287,60
KEEL00d_288,60
KEEL00d_291,60
KEEL00d_292,60
KEEL00d_297,60
KEEL00d_298,60
KEEL00d_299,60
KEEL00d_300,60
KEEL00d_301,60
KEEL00d_302,60
KEEL00d_303,60
KEEL00d_304,60
KEEL00d_305,60
KEEL00d_310,60
KEEL00d_314,60
KEEL00d_315,60
KEEL00d_316,60
KEEL00d_317,60
KEEL00d_318,60
KEEL00d_319,60
KEEL00d_320,60
KEEL00d_321,60
KEEL00d_322,60
KEEL00d_327,60
KEEL00d_33,60
KEEL00d_330,60
KEEL00d_331,60
KEEL00d_332,60
KEEL00d_333,60
KEEL00d_334,60
KEEL00d_335,60
KEEL00d_336,60
KEEL00d_34,60
KEEL00d_341,60
KEEL00d_342,60
KEEL00d_343,60
KEEL00d_344,60
KEEL00d_345,60
KEEL00d_346,60
KEEL00d_347,60
KEEL00d_352,60
KEEL00d_353,60
KEEL00d_354,60
KEEL00d_355,60
KEEL00d_358,60
KEEL00d_359,60
KEEL00d_360,60
KEEL00d_361,60
KEEL00d_362,60
KEEL00d_363,60
KEEL00d_364,60
KEEL00d_365,60
KEEL00d_366,60
KEEL00d_367,60
KEEL00d_368,60
KEEL00d_369,60
KEEL00d_370,60
KEEL00d_371,60
KEEL00d_373,60
KEEL00d_374,60
KEEL00d_375,60
KEEL00d_376,60
KEEL00d_42,60
KEEL00d_43,60
KEEL00d_48,60
KEEL00d_49,60
KEEL00d_51,60
KEEL00d_52,60
KEEL00d_58,60
KEEL00d_73,60
KEEL00d_74,60
KEEL00d_8,60
KEEL00d_87,60
KEEL00d_88,60
KEEL00d_91,60
KEEL00d_92,60
KEEL00d_93,60
KEEL00d_94,60
KEEL00d_97,60
KEEL00t00,60
